ID	STRUCTURE	FREQUENCY	ProtoBai	Dashi	Ega	Enqi	Gongxing	Jinman	Jinxing	Mazhelong	Tuoluo	Zhoucheng	COGNATESETS
1	i	1	m	m	Ø	m	m	Ø	m	m	m	Ø	1:0
2	n	1	æ	ɚ/ə	Ø	æ	æ	Ø	a	ɚ/ə̃	a	Ø	1:1
3	c	1	-	-	Ø	-	-	Ø	n	-	-	Ø	1:2
4	t	1	1b/¹	²¹	Ø	²¹	¹²	Ø	²¹	²¹	³⁵	Ø	1:3
5	i	1	ɖʐ	tʰ	tɕ	tɕ	dz	tɕ	ts	tsʰ	ʐ	Ø	9:0
6	m	1	-	i/j	i	i/j	-	i/j	-	-	-	Ø	9:1
7	n	1	o	ɯ	u	o	ao	o	ṽ/ʯ̃	u	y	Ø	9:2
8	t	1	⁴	⁴²	²¹	²¹	²¹	²¹	⁴²	⁴²	⁴²	Ø	9:3
9	i	1	s	s	ts	ts	s	ts	s	s	s	s	21:0
10	n	1	u	o	o	a	a	a	v/ʯ	o	v/ʯ	i	21:1
11	c	1	ŋ	ŋ	-	-	ŋ	-	ŋ	ŋ	ŋ	-	21:2
12	t	1	³	³¹	⁵⁵	⁵⁵	⁴²	⁵⁵	³¹	²¹	²¹	³¹	21:3
13	i	1	m	m	m	m	m	m	m	m	m	m	32:0
14	n	1	æ	ɚ/ə	a	æ	æ	a	a	ɚ/ə	a	ɛ	32:1
15	t	1	⁴	⁴⁴	⁴⁴	⁵⁵	²⁴	⁵⁵	⁴⁴	⁴⁴	⁴²	⁴⁴	32:2
16	i	1	ɣ	ɣ	Ø	Ø	Ø	Ø	ɣ	ɣ	Ø	Ø	43:0
17	n	1	u	ou	Ø	Ø	Ø	Ø	ou	o	Ø	Ø	43:1
18	t	1	⁴	⁴²	Ø	Ø	Ø	Ø	⁴²	⁴²	Ø	Ø	43:2
19	n	1	Ø	Ø	u	u	u	u	Ø	Ø	o	ou	44:0
20	t	1	Ø	Ø	⁴²	²¹	²¹	⁴²	Ø	Ø	³³	⁴²	44:1
21	i	1	ɖʐ	ʈʂ	ts	ts	ɖʐ	tɕ	ts	dz	ʐ	ts	53:0
22	n	1	i	i	ɛ	ɿ	i	ɚ/ə	a	i	ɚ/ə	i	53:1
23	t	1	¹	³¹	²¹	²¹	²¹	²¹	²¹	²¹	³⁵	²¹	53:2
24	i	1	pʰ	Ø	pʰ	pʰ	pʰ	pʰ	pʰ	pʰ	pʰ	pʰ	64:0
25	n	1	æ	Ø	*/ə	æ	a	ã	a	ɚ/ə	a	o	64:1
26	c	1	n	Ø	-	-	n	-	n	-	ŋ	-	64:2
27	t	1	³	Ø	⁴²	⁴³	⁴²	⁴²	³¹	²¹	²¹	³¹	64:3
28	i	1	Ø	Ø	m	m	m	m	m	m	m	m	65:0
29	m	1	Ø	Ø	-	-	-	-	-	-	-	i/j	65:1
30	n	1	Ø	Ø	a	a	a	ã	a	ɚ/ə̃	a	ɛ	65:2
31	c	1	Ø	Ø	-	-	n	-	n	-	ŋ	-	65:3
32	t	1	Ø	Ø	⁴²	⁴³	²²	⁴²	³¹	²¹	²¹	³¹	65:4
33	i	1	tʰ	ʈʂʰ	tɕʰ	tʰ	Ø	ʈʰ	tsʰ	tsʰ	tʰ	Ø	82:0
34	m	1	r	-	i/j	i	Ø	-	-	-	i	Ø	82:1
35	n	1	o	ou	o	u	Ø	o	ou	o	u	Ø	82:2
36	t	1	⁴	⁴⁴	⁴⁴	⁵⁵	Ø	⁵⁵	⁴⁴	⁴⁴	⁴²	Ø	82:3
37	i	1	g	k	k	k	g	k	k	k	g	k	93:0
38	n	1	ɯ	ɯ	ɯ	ɯ	ɯ	ɯ	ɯ	ɯ	ɯ	ɯ	93:1
39	t	1	¹	²¹	²¹	²¹	¹²	²¹	²¹	²¹	³⁵	²¹	93:2
40	i	1	h	Ø	x	χ	x	x	Ø	x	h	x	104:0
41	m	1	u/w	Ø	u/w	u/w	u/w	u/w	Ø	u/w	u/w	u/w	104:1
42	n	1	a	Ø	a	a	a	a	Ø	a	ɔ	a	104:2
43	t	1	⁴	Ø	⁴⁴	⁵⁵	²⁴	⁵⁵	Ø	⁴⁴	⁴²	⁴⁴	104:3
44	i	1	ŋ	Ø	Ø	ŋ	ŋ	Ø	Ø	Ø	Ø	Ø	114:0
45	n	1	o	Ø	Ø	o	o	Ø	Ø	Ø	Ø	Ø	114:1
46	t	1	³	Ø	Ø	⁴³	⁴²	Ø	Ø	Ø	Ø	Ø	114:2
47	i	1	tsʰ	tɕʰ	tsʰ	tsʰ	tɕʰ	Ø	tɕʰ	t	tɕʰ	Ø	119:0
48	m	1	j	-	-	-	-	Ø	-	-	-	Ø	119:1
49	n	1	i	*/ə	i	i	i	Ø	i	o	i	Ø	119:2
50	t	1	¹	⁰	⁵⁵	⁵⁵	⁵⁵	Ø	⁵⁵	²¹	⁵⁵	Ø	119:3
51	i	1	h	Ø	Ø	Ø	h	Ø	Ø	Ø	h	Ø	133:0
52	n	1	a	Ø	Ø	Ø	a	Ø	Ø	Ø	a	Ø	133:1
53	c	1	ŋ	Ø	Ø	Ø	ŋ	Ø	Ø	Ø	ŋ	Ø	133:2
54	t	1	⁵	Ø	Ø	Ø	⁴²	Ø	Ø	Ø	²¹	Ø	133:3
55	i	1	Ø	x	x	χ	Ø	x	x	Ø	Ø	Ø	132:0
56	n	1	Ø	ã	a	a	Ø	a	ɑ̃	Ø	Ø	Ø	132:1
57	t	1	Ø	⁴²	⁴²	⁴³	Ø	⁴²	⁴²	Ø	Ø	Ø	132:2
58	i	1	ŋ	ŋ	ŋ	ɴ	ŋ	Ø	Ø	n	ŋ	ŋ	141:0
59	n	1	ɔ	õ	o	o	a	Ø	Ø	e	ɔ	o	141:1
60	c	1	-	-	-	-	-	Ø	Ø	n	-	-	141:2
61	t	1	³	³¹	⁴²	⁴³	⁴²	Ø	Ø	⁴²	²¹	³¹	141:3
62	i	1	pʰ	Ø	pʰ	pʰ	pʰ	Ø	Ø	p	Ø	p	152:0
63	n	1	a	Ø	a	a	a	Ø	Ø	ɛ	Ø	e	152:1
64	t	1	¹	Ø	⁴⁴	⁵⁵	²⁴	Ø	Ø	⁵⁵	Ø	³⁵	152:2
65	i	1	m	m	ɲ	m	ɲ	ɲ	m	Ø	-	Ø	161:0
66	m	1	j	i/j	i/j	i/j	y/ɥ	i/j	i/j	Ø	ju/ɥ	Ø	161:1
67	n	1	æ	er/e	a	a	ɛ	o	a	Ø	a	Ø	161:2
68	c	1	-	-	-	-	-	-	n	Ø	ŋ	Ø	161:3
69	t	1	¹	³⁵	⁴⁴	²⁴	⁵⁵	⁵⁵	⁵⁵	Ø	⁵⁵	Ø	161:4
70	i	1	p	Ø	Ø	p	Ø	Ø	Ø	p	Ø	p	172:0
71	n	1	e	Ø	Ø	i	Ø	Ø	Ø	ɛ	Ø	e	172:1
72	t	1	¹	Ø	Ø	²⁴	Ø	Ø	Ø	⁵⁵	Ø	³⁵	172:2
73	i	1	Ø	Ø	ɕ	Ø	ɕ	ɕ	Ø	Ø	Ø	Ø	171:0
74	n	1	Ø	Ø	i	Ø	i	i	Ø	Ø	Ø	Ø	171:1
75	t	1	Ø	Ø	⁴⁴	Ø	²⁴	⁴⁴	Ø	Ø	Ø	Ø	171:2
76	i	1	ʔ	Ø	Ø	ʔ	Ø	Ø	ʔ	Ø	Ø	Ø	184:0
77	n	1	o	Ø	Ø	o	Ø	Ø	v/ʯ	Ø	Ø	Ø	184:1
78	t	1	⁴	Ø	Ø	⁵⁵	Ø	Ø	⁴⁴	Ø	Ø	Ø	184:2
79	n	1	Ø	o	Ø	Ø	ao	Ø	Ø	Ø	Ø	v/ʯ	181:0
80	t	1	Ø	⁵⁵	Ø	Ø	²⁴	Ø	Ø	Ø	Ø	⁵⁵	181:1
81	i	1	qʰ	Ø	qʰ	qʰ	qʰ	qʰ	Ø	kʰ	Ø	kʰ	192:0
82	n	1	u	Ø	u	u	u	u	Ø	o	Ø	u	192:1
83	t	1	¹	Ø	²⁴	²⁴	⁵⁵	⁵⁵	Ø	⁵⁵	Ø	⁵⁵	192:2
84	i	1	ɣ	k	Ø	q	ɣ	Ø	Ø	Ø	g	Ø	200:0
85	m	1	u/w	u/w	Ø	u/w	u/w	Ø	Ø	Ø	u/w	Ø	200:1
86	n	1	a	a	Ø	a	a	Ø	Ø	Ø	o	Ø	200:2
87	t	1	⁴	⁴²	Ø	²¹	²¹	Ø	Ø	Ø	⁴²	Ø	200:3
88	i	1	p	Ø	f	p	pf	f	Ø	p	f	p	207:0
89	m	1	j	Ø	-	-	-	-	Ø	-	-	-	207:1
90	n	1	o	Ø	e	o	ɯ	ɚ/ə	Ø	o	v/ʯ	o	207:2
91	t	1	²	Ø	²²	²²	²²	²²	Ø	²¹	³³	²¹	207:3
92	i	1	sʰ	sʰ	s	s	s	s	Ø	s	s	s	216:0
93	m	1	u/w	u/w	u/w	u/w	u/w	u/w	Ø	u/w	u/w	u/w	216:1
94	n	1	a	a	a	a	a	a	Ø	a	ɔ	a	216:2
95	t	1	⁴	⁴⁴	⁴⁴	⁵⁵	²⁴	⁵⁵	Ø	⁴⁴	⁴²	⁴⁴	216:3
96	i	1	tɕʰ	tɕʰ	Ø	tɕʰ	tɕʰ	Ø	tɕʰ	tɕʰ	tɕʰ	tɕʰ	227:0
97	n	1	i	i	Ø	i	i	Ø	i	i	i	i	227:1
98	t	1	⁴	⁴⁴	Ø	⁵⁵	⁵⁵	Ø	⁴⁴	⁴⁴	⁴²	⁵⁵	227:2
99	i	1	ts	ts	ts	ts	ts	ts	ts	ts	ts	ts	236:0
100	n	1	u	õ	õ	o	o	*/ə	ṽ/ʯ̃	o	v/ʯ	i	236:1
101	c	1	ŋ	-	-	-	ŋ	ŋ	-	ŋ	ŋ	-	236:2
102	t	1	²	³³	²²	²²	²²	²²	³³	³³	³³	³³	236:3
103	i	1	b	p	p	p	b	p	p	p	Ø	p	247:0
104	m	1	r	-	-	-	-	-	-	-	Ø	-	247:1
105	n	1	i	i	ɯ	ɯ	u	ɯ	õ	i	Ø	i	247:2
106	t	1	1b/¹	²¹	²¹	²¹	¹²	²¹	²¹	⁵⁵	Ø	²¹	247:3
107	i	1	Ø	Ø	tɕ	ts	dz	tɕ	Ø	Ø	Ø	Ø	249:0
108	n	1	Ø	Ø	i	u	u	i	Ø	Ø	Ø	Ø	249:1
109	t	1	Ø	Ø	²¹	⁴³	¹²	²¹	Ø	Ø	Ø	Ø	249:2
110	i	1	Ø	p	Ø	Ø	Ø	Ø	Ø	p	Ø	p	248:0
111	n	1	Ø	o	Ø	Ø	Ø	Ø	Ø	əɯ	Ø	ɯ	248:1
112	t	1	Ø	²¹	Ø	Ø	Ø	Ø	Ø	²¹	Ø	²¹	248:2
113	i	1	ts	tɕ	ts	ts	tɕ	ts	tɕ	tɕ	tɕ	tɕ	267:0
114	m	1	j	i/j	-	-	-	-	i/j	-	i/j	-	267:1
115	n	1	e	e	ɛ	i	i	ẽ	e	e	e	i	267:2
116	c	1	n	n	-	-	n	-	n	n	n	-	267:3
117	t	1	⁵	⁴²	⁴²	⁴³	⁴²	⁴²	⁴²	⁴²	²¹	⁵³	267:4
118	i	1	p	p	Ø	p	Ø	Ø	p	p	Ø	p	278:0
119	m	1	r	i/j	Ø	i/j	Ø	Ø	i/j	i/j	Ø	i/j	278:1
120	n	1	æ	ɚ/ə	Ø	æ	Ø	Ø	a	ɚ/ə	Ø	ɛ	278:2
121	t	1	⁴	⁴⁴	Ø	⁵⁵	Ø	Ø	⁴⁴	⁴⁴	Ø	⁴⁴	278:3
122	i	1	Ø	Ø	Ø	Ø	tɕ	tɕ	Ø	Ø	ʈʂ	Ø	280:0
123	m	1	Ø	Ø	Ø	Ø	u/w	u/w	Ø	Ø	u/w	Ø	280:1
124	n	1	Ø	Ø	Ø	Ø	ɛ	a	Ø	Ø	a	Ø	280:2
125	t	1	Ø	Ø	Ø	Ø	²⁴	⁵⁵	Ø	Ø	⁴²	Ø	280:3
126	i	1	s	ʂ	tsʰ	s	ts	ʂ	s	s	ʂ	s	289:0
127	m	1	r	-	-	-	u/w	-	-	-	-	-	289:1
128	n	1	i	i	i	ɿ	a	ɚ/ə	a	i	i	i	289:2
129	t	1	⁴	⁴⁴	⁴²	⁵⁵	²⁴	⁵⁵	⁴⁴	⁴⁴	⁴	⁵⁵	289:3
130	i	1	p	p	Ø	Ø	Ø	Ø	p	pʰ	p	p	300:0
131	n	1	ɛ	e	Ø	Ø	Ø	Ø	ẽ	o	ɛ	e	300:1
132	t	1	²	³³	Ø	Ø	Ø	Ø	⁵⁵	⁵⁵	³³	³³	300:2
133	i	1	Ø	Ø	Ø	ɕ	-	ɕ	Ø	Ø	Ø	Ø	303:0
134	m	1	Ø	Ø	Ø	i/j	j	i/j	Ø	Ø	Ø	Ø	303:1
135	n	1	Ø	Ø	Ø	a	a	a	Ø	Ø	Ø	Ø	303:2
136	t	1	Ø	Ø	Ø	²⁴	⁵⁵	⁵⁵	Ø	Ø	Ø	Ø	303:3
137	i	1	Ø	Ø	Ø	x	x	x	Ø	ɕ	Ø	Ø	304:0
138	n	1	Ø	Ø	Ø	ɯ	ɯ	ɯ̃	Ø	ɚ/ə	Ø	Ø	304:1
139	t	1	Ø	Ø	Ø	²²	⁴²	⁴²	Ø	⁵⁵	Ø	Ø	304:2
140	i	1	p	p	p	p	p	p	p	p	p	p	316:0
141	n	1	ɯ	ɯ	ɯ	ɯ	u	ɯ	ɯ	əɯ	ɯ	ɯ	316:1
142	t	1	²	³³	²²	²²	³³	²²	³³	³³	³³	³³	316:2
143	i	1	ɣ	ɣ	x	Ø	ɣ	x	ɣ	ɣ	ɣ	ɣ	327:0
144	n	1	ɯ	ɯ	ɯ̃	Ø	e	ẽ	eə	ə	ɯ	ɯ	327:1
145	t	1	²	³³	²²	Ø	²²	⁵⁵	³³	³³	³³	³³	327:2
146	i	1	q	k	q	Ø	q	q	k	k	q	Ø	338:0
147	m	1	u/w	u/w	u/w	Ø	u/w	u/w	u/w	u/w	u/w	Ø	338:1
148	n	1	ɛ	e	ɛ	Ø	ɛ	e	a	ɛ	ɛ	Ø	338:2
149	t	1	³	⁴²	⁴²	Ø	⁴²	⁴²	⁴⁴	⁴⁴	²¹	Ø	338:3
150	i	1	ts	ʈʂ	tɕ	tɕ	ts	tɕ	ts	ts	ʈʂ	ts	348:0
151	m	1	r	-	-	-	-	-	-	-	-	-	348:1
152	n	1	o	o	u	o	ao	u	v/ʯ	u	v/ʯ	v/ʯ	348:2
153	t	1	⁴	³³	⁴⁴	⁵⁵	²⁴	⁵⁵	⁴⁴	⁴⁴	⁴²	⁴⁴	348:3
154	i	1	ŋ	u/w	ŋ	ŋ	u/w	Ø	u/w	Ø	u/w	u/w	359:0
155	m	1	u/w	-	u/w	u/w	-	Ø	-	Ø	-	-	359:1
156	n	1	e	e	ɛ	i	e	Ø	ẽ	Ø	e	ɛ	359:2
157	c	1	n	n	-	-	n	Ø	-	Ø	n	-	359:3
158	t	1	¹	²¹	²¹	²¹	¹²	Ø	²¹	Ø	³⁵	²¹	359:4
159	i	1	m	Ø	Ø	m	m	Ø	Ø	Ø	Ø	m	369:0
160	n	1	i	Ø	Ø	i	i	Ø	Ø	Ø	Ø	i	369:1
161	t	1	1b/¹	Ø	Ø	²¹	¹²	Ø	Ø	Ø	Ø	²¹	369:2
162	i	1	d	Ø	tɕ	d	Ø	tɕ	Ø	Ø	d	Ø	3802:0
163	m	1	r	Ø	y/ɥ	i/j	Ø	y/ɥ	Ø	Ø	j	Ø	3802:1
164	n	1	ɯ	Ø	i	ɯ	Ø	i	Ø	Ø	ɯ	Ø	3802:2
165	t	1	³	Ø	²¹	⁴³	Ø	²¹	Ø	Ø	²¹	Ø	3802:3
166	i	1	b	p	Ø	p	b	Ø	p	p	b	p	379:0
167	n	1	e	e	Ø	i	i	Ø	e	e	i	e	379:1
168	t	1	¹	²¹	Ø	²¹	²¹	Ø	²¹	²¹	³⁵	²¹	379:2
169	i	1	Ø	ʈʂ	dʑ	Ø	ɖʐ	ɖ	ts	Ø	Ø	ts	378:0
170	n	1	Ø	ɯ	i	Ø	i	ɯ	ɯ	Ø	Ø	ɯ	378:1
171	t	1	Ø	²¹	⁴²	Ø	¹²	⁴²	³¹	Ø	Ø	⁰	378:2
172	i	1	z	z	z	z	z	z	s	z	z	z	400:0
173	n	1	ɔ	au	o	o	ao	ao	ou	o	ɔ	o	400:1
174	t	1	¹	²¹	²¹	⁴³	¹²	²¹	²¹	²¹	³⁵	²¹	400:2
175	i	1	t	Ø	t	t	t	t	t	t	t	t	412:0
176	n	1	æ	Ø	a	æ	e	ã	a	ɚ/ə	a	ɛ	412:1
177	c	1	-	Ø	-	-	n	-	n	-	-	-	412:2
178	t	1	¹	Ø	⁵⁵	²⁴	⁵⁵	⁵⁵	⁵⁵	⁵⁵	⁵⁵	³⁵	412:3
179	i	1	tɕ	tɕ	tɕʰ	tɕ	tɕ	tɕ	Ø	tɕ	tɕ	Ø	422:0
180	m	1	-	-	-	i/j	-	-	Ø	-	i/j	Ø	422:1
181	n	1	ɯ	i	i	ɯ	i	i	Ø	i	ɯ	Ø	422:2
182	t	1	¹	³⁵	⁵⁵	²⁴	²²	⁵⁵	Ø	⁵⁵	⁵⁵	Ø	422:3
183	i	1	Ø	kʰ	qʰ	qʰ	qʰ	qʰ	Ø	kʰ	qʰ	Ø	423:0
184	n	1	Ø	a	o	a	a	a	Ø	a	ɔ	Ø	423:1
185	t	1	Ø	⁴⁴	⁴⁴	⁵⁵	⁵⁵	⁴⁴	Ø	⁴⁴	⁴²	Ø	423:2
186	i	1	b	p	Ø	Ø	Ø	Ø	p	p	Ø	p	441:0
187	m	1	r	-	Ø	Ø	Ø	Ø	i	-	Ø	-	441:1
188	n	1	i	i	Ø	Ø	Ø	Ø	ə	i	Ø	i	441:2
189	t	1	²	²¹	Ø	Ø	Ø	Ø	²¹	²¹	Ø	²¹	441:3
190	i	1	q	k	q	q	q	q	k	k	q	k	452:0
191	n	1	æ	ɚ/ə	a	æ	æ	a	a	ɚ/ə	a	ɛ	452:1
192	t	1	⁴	⁴⁴	⁴²	⁵⁵	²⁴	⁵⁵	⁴⁴	⁴⁴	⁴²	⁵⁵	452:2
193	i	1	qʰ	kʰ	qʰ	qʰ	qʰ	qʰ	kʰ	kʰ	qʰ	kʰ	463:0
194	n	1	a	a	o	a	a	a	ɑ	ɐ	ɔ	a	463:1
195	t	1	⁴	⁴⁴	⁴⁴	⁵⁵	²⁴	⁵⁵	⁴⁴	⁴⁴	⁴²	⁴⁴	463:2
196	i	1	d	kʰ	tɕʰ	t	dz	tɕʰ	ts	tɕʰ	d	ts	474:0
197	m	1	r	-	-	i/j	-	-	-	y/ɥ	i/j	-	474:1
198	n	1	o	o	u	o	o	u	õ	i	o	o	474:2
199	c	1	ŋ	-	-	-	ŋ	-	-	-	ŋ	-	474:3
200	t	1	¹	³³	⁴²	²¹	¹²	⁴²	²¹	²¹	³⁵	²¹	474:4
201	i	1	pʰ	f	Ø	f	pf	Ø	f	pʰ	f	f	490:0
202	m	1	j	-	Ø	-	-	Ø	-	-	-	-	490:1
203	n	1	u	ṽ/ʯ̃	Ø	o	u	Ø	ṽ/ʯ̃	e	ɚ/ə̃	v/ʯ	490:2
204	c	1	ŋ	-	Ø	-	ŋ	Ø	-	n	-	-	490:3
205	t	1	¹	⁵⁵	Ø	²⁴	⁵⁵	Ø	⁵⁵	⁵⁵	⁵⁵	⁵⁵	490:4
206	i	1	p	f	Ø	f	Ø	Ø	f	p	f	f	501:0
207	m	1	j	-	Ø	-	Ø	Ø	-	-	-	-	501:1
208	n	1	u	o	Ø	o	Ø	Ø	v/ʯ	ɯ	ɚ/ə	v/ʯ	501:2
209	t	1	⁴	⁴⁴	Ø	²⁴	Ø	Ø	⁴⁴	⁴⁴	⁴²	⁴⁴	501:3
210	i	1	Ø	Ø	x	Ø	ʐ	ʐ	Ø	Ø	Ø	Ø	502:0
211	n	1	Ø	Ø	u	Ø	i	ɚ/ə	Ø	Ø	Ø	Ø	502:1
212	t	1	Ø	Ø	⁴⁴	Ø	²¹	⁴²	Ø	Ø	Ø	Ø	502:2
213	i	1	d	t	d	d	d	d	t	d	d	t	512:0
214	n	1	ɔ	ou	o	a	a	o	ou	o	ɔ	o	512:1
215	t	1	⁵	⁴²	⁴²	⁴³	⁴²	⁴²	⁴²	⁴²	²¹	⁴²	512:2
216	i	1	b	f	Ø	f	b	Ø	f	pʰ	v	Ø	523:0
217	m	1	j	-	Ø	-	v	Ø	-	-	-	Ø	523:1
218	n	1	o	v/ʯ	Ø	o	u	Ø	v/ʯ	əɯ	ɚ/ə	Ø	523:2
219	t	1	⁴	⁴²	Ø	²¹	²¹	Ø	⁴²	⁴²	⁴²	Ø	523:3
220	n	1	Ø	Ø	u	Ø	Ø	u	Ø	Ø	Ø	v/ʯ	524:0
221	t	1	Ø	Ø	⁴²	Ø	Ø	²¹	Ø	Ø	Ø	⁴²	524:1
222	i	1	ts	ts	ts	ts	ts	ts	ts	ts	ts	ts	3225:0
223	n	1	o	ou	u	u	u	o	ou	o	u	ou	3225:1
224	t	1	⁴	³³	⁴⁴	⁵⁵	²⁴	⁵⁵	⁴⁴	⁴⁴	⁴²	⁴⁴	3225:2
225	i	1	kʰ	kʰ	tsʰ	Ø	ʈʂʰ	tɕʰ	kʰ	tɕʰ	ʈʂʰ	kʰ	545:0
226	m	1	r	-	-	Ø	-	-	-	-	-	-	545:1
227	n	1	o	o	ɛ	Ø	i	ɚ/ə	v/ʯ	u	ɚ/ə	v/ʯ	545:2
228	t	1	³	³³	⁴⁴	Ø	⁴²	⁴²	³¹	²¹	²¹	³³	545:3
229	i	1	qʰ	kʰ	qʰ	qʰ	qʰ	qʰ	qʰ	kʰ	qʰ	kʰ	556:0
230	m	1	-	-	-	-	m	-	-	-	-	-	556:1
231	n	1	u	u	u	u	u	u	u	u	o	u	556:2
232	t	1	²	³³	²²	²²	²²	²²	²²	³³	³³	³¹	556:3
233	i	1	χ	x	x	χ	χ	x	x	x	x	x	1143:0
234	n	1	ɯ	ɯ	ɯ	ɯ	e	ɯ	ɯ	ɯ	ɚ/ə	ɯ	1143:1
235	t	1	⁴	⁴⁴	⁴⁴	⁵⁵	²⁴	⁵⁵	⁴⁴	⁴⁴	⁴²	⁴⁴	1143:2
236	i	1	pʰ	Ø	pʰ	pʰ	pʰ	pʰ	Ø	pʰ	pʰ	Ø	579:0
237	n	1	ɯ	Ø	ɯ	ɯ	ɯ	ɯ	Ø	əɯ	ɯ	Ø	579:1
238	t	1	¹	Ø	⁵⁵	²⁴	⁵⁵	⁵⁵	Ø	⁵⁵	⁵⁵	Ø	579:2
239	i	1	pʰ	pʰ	pʰ	pʰ	p	pʰ	pʰ	pʰ	pʰ	pʰ	599:0
240	n	1	ɯ	u	ɯ	ɯ	u	ɯ	ɯ	əɯ	ɯ	əɯ	599:1
241	t	1	¹	⁵⁵	⁵⁵	²⁴	⁵⁵	⁵⁵	⁵⁵	⁵⁵	⁵⁵	⁵⁵	599:2
242	m	1	j	j	Ø	Ø	j	Ø	j	j	j	j	3745:0
243	n	1	e	e	Ø	Ø	e	Ø	e	e	e	e	3745:1
244	c	1	n	n	Ø	Ø	n	Ø	n	n	n	-	3745:2
245	t	1	1b/¹	²¹	Ø	Ø	¹²	Ø	²¹	²¹	³⁵	²¹	3745:3
246	i	1	Ø	Ø	ɲ	ɲ	Ø	ɲ	Ø	Ø	Ø	Ø	611:0
247	m	1	Ø	Ø	-	i/j	Ø	-	Ø	Ø	Ø	Ø	611:1
248	n	1	Ø	Ø	a	a	Ø	ɚ/ə	Ø	Ø	Ø	Ø	611:2
249	t	1	Ø	Ø	²¹	²¹	Ø	²¹	Ø	Ø	Ø	Ø	611:3
250	i	1	q	k	q	q	q	q	k	k	k	k	621:0
251	m	1	u/w	u/w	u/w	u/w	u/w	u/w	u	u/w	-	u/w	621:1
252	n	1	a	a	a	a	a	a	ɑ	a	u	a	621:2
253	t	1	⁴	⁴⁴	⁴⁴	⁵⁵	²⁴	⁵⁵	⁴⁴	⁴⁴	⁴²	⁴⁴	621:3
254	i	1	n	n	n	n	n	n	n	n	n	n	632:0
255	n	1	o	õ	õ	o	o	õ	õ	ɚ/ə̃	v/ʯ	ao	632:1
256	c	1	-	-	-	-	ŋ	-	-	-	-	-	632:2
257	t	1	²	³³	²²	²²	²²	²²	³³	²²	³³	³¹	632:3
258	i	1	b	p	p	p	b	p	p	Ø	b	p	645:0
259	n	1	a	a	a	a	a	a	ɑ	Ø	o	a	645:1
260	t	1	⁴	⁴²	⁴²	²¹	²¹	⁴²	⁴²	Ø	⁴²	⁴²	645:2
261	i	1	g	k	k	k	g	k	k	k	g	k	656:0
262	m	1	-	-	-	-	-	-	u/w	-	-	-	656:1
263	n	1	u	u	v/ʯ	u	u	v/ʯ	o	v/ʯ	v/ʯ	u	656:2
264	t	1	¹	²¹	²¹	²¹	¹²	²¹	²¹	²¹	³⁵	²¹	656:3
265	i	1	Ø	Ø	Ø	ɲ	-	Ø	-	-	-	Ø	667:0
266	m	1	Ø	Ø	Ø	i/j	j	Ø	j	j	j	Ø	667:1
267	n	1	Ø	Ø	Ø	o	o	Ø	õ	o	v/ʯ	Ø	667:2
268	c	1	Ø	Ø	Ø	-	ŋ	Ø	-	ŋ	ŋ	Ø	667:3
269	t	1	Ø	Ø	Ø	²⁴	⁵⁵	Ø	⁵⁵	⁵⁵	⁵⁵	Ø	667:4
270	i	1	tʰ	tʰ	tʰ	tʰ	tʰ	tʰ	tʰ	tʰ	tʰ	tʰ	668:0
271	m	1	j	-	-	-	-	i/j	-	-	-	-	668:1
272	n	1	e	i	i	i	i	e	i	ɛ	i	e	668:2
273	t	1	²	³³	²²	²²	²²	²²	³³	³³	³³	³³	668:3
274	i	1	g	k	k	k	g	k	k	k	g	k	678:0
275	n	1	o	o	v/ʯ	u	ao	v/ʯ	v/ʯ	v/ʯ	v/ʯ	v/ʯ	678:1
276	t	1	¹	²¹	²¹	²¹	¹²	²¹	²¹	²¹	³⁵	²¹	678:2
277	i	1	m	m	m	m	m	m	m	m	m	m	689:0
278	n	1	æ	ɚ/ə	a	æ	æ	a	a	ɚ/ə	a	ɛ	689:1
279	t	1	⁵	⁴²	⁴²	⁴³	⁴²	⁴²	⁴²	²¹	²¹	⁴²	689:2
280	i	1	m	m	m	m	m	m	m	m	m	m	700:0
281	n	1	ɛ	e	ɛ	ᴇ/ɛ	e	e	e	e	ɛ	e	700:1
282	c	1	-	-	-	-	n	-	-	-	-	-	700:2
283	t	1	⁵	⁴²	⁴²	⁴³	⁴²	⁴²	⁴²	²¹	²¹	²¹	700:3
284	i	1	b	-	Ø	Ø	Ø	Ø	Ø	p	Ø	-	711:0
285	m	1	j	j	Ø	Ø	Ø	Ø	Ø	i/j	Ø	j	711:1
286	n	1	o	ɚ/ə	Ø	Ø	Ø	Ø	Ø	ɛ̃	Ø	ɛ	711:2
287	t	1	²	³¹	Ø	Ø	Ø	Ø	Ø	⁴²	Ø	²¹	711:3
288	i	1	Ø	Ø	v	Ø	Ø	v	Ø	p	v	Ø	712:0
289	n	1	Ø	Ø	ɛ	Ø	Ø	e	Ø	a	ɚ/ə	Ø	712:1
290	t	1	Ø	Ø	²²	Ø	Ø	²²	Ø	²¹	³³	Ø	712:2
291	i	1	x	Ø	x	x	x	x	Ø	Ø	Ø	Ø	723:0
292	m	1	u/w	Ø	u/w	u/w	u/w	u/w	Ø	Ø	Ø	Ø	723:1
293	n	1	a	Ø	a	æ	a	a	Ø	Ø	Ø	Ø	723:2
294	t	1	¹	Ø	⁵⁵	⁵⁵	⁵⁵	⁵⁵	Ø	Ø	Ø	Ø	723:3
295	i	1	Ø	Ø	l	l	l	l	Ø	Ø	l	Ø	724:0
296	n	1	Ø	Ø	o	o	ao	o	Ø	Ø	ɔ	Ø	724:1
297	t	1	Ø	Ø	²¹	²¹	²¹	²¹	Ø	Ø	³⁵	Ø	724:2
298	n	1	Ø	Ø	Ø	Ø	Ø	Ø	ɑ̃	a	Ø	a	725:0
299	t	1	Ø	Ø	Ø	Ø	Ø	Ø	⁰	⁵⁵	Ø	⁵⁵	725:1
300	i	1	Ø	n	Ø	Ø	Ø	Ø	n	n	Ø	Ø	722:0
301	n	1	Ø	i	Ø	Ø	Ø	Ø	i	i	Ø	Ø	722:1
302	t	1	Ø	⁵⁵	Ø	Ø	Ø	Ø	⁵⁵	⁵⁵	Ø	Ø	722:2
303	i	1	k	k	k	k	k	k	k	k	Ø	k	742:0
304	n	1	æ	ɚ/ə	a	æ	æ	a	a	ɚ/ə	Ø	ɛ	742:1
305	t	1	⁴	⁴⁴	⁴⁴	⁵⁵	²⁴	⁵⁵	⁴⁴	⁴⁴	Ø	⁴⁴	742:2
306	i	1	ŋ	ŋ	ŋ	ŋ	ŋ	Ø	ŋ	ŋ	ŋ	ŋ	752:0
307	n	1	ɯ	ə	ɯ	ɯ	e	Ø	ə	əɯ	e	ɯ	752:1
308	t	1	1b/¹	²¹	²¹	²¹	¹²	Ø	²¹	²¹	³⁵	²¹	752:2
309	i	1	tʰ	ʈʂ	q	tʰ	tsʰ	ʈ	tsʰ	tsʰ	tʰ	tsʰ	763:0
310	m	1	r	-	-	i/j	-	-	-	-	i/j	-	763:1
311	n	1	o	o	a	o	o	õ	õ	o	o	o	763:2
312	c	1	ŋ	ŋ	-	-	ŋ	-	-	ŋ	ŋ	-	763:3
313	t	1	¹	⁵⁵	⁴⁴	²⁴	⁵⁵	⁵⁵	⁵⁵	⁵⁵	⁵⁵	⁵⁵	763:4
314	i	1	p	p	p	p	tɕ	p	p	p	tɕ	p	775:0
315	m	1	r	i/j	-	-	y/ɥ	-	i/j	i/j	y/ɥ	-	775:1
316	n	1	e	e	ɛ	ᴇ/ɛ	e	e	e	ɛ	e	i	775:2
317	c	1	n	n	-	-	n	-	n	-	n	-	775:3
318	t	1	⁵	⁴²	⁴²	⁴³	⁴²	⁴²	⁴²	⁴²	²¹	⁴²	775:4
319	i	1	q	k	q	q	q	q	k	k	q	k	786:0
320	n	1	ɛ	e	ɛ	ᴇ/ɛ	ɛ	ɛ̃	i	e	ɛ	e	786:1
321	t	1	¹	³⁵	⁵⁵	²⁴	⁵⁵	⁵⁵	⁵⁵	⁵⁵	⁵⁵	³⁵	786:2
322	i	1	dz	ts	ts	ts	dz	ts	ts	tsʰ	z	ts	798:0
323	n	1	o	i	y	u	u	v/ʯ	ou	o	u	u	798:1
324	t	1	⁴	³³	⁴²	²¹	²¹	²¹	⁴²	⁴²	⁴²	⁴²	798:2
325	i	1	pʰ	pʰ	pʰ	pʰ	pʰ	pʰ	pʰ	Ø	pʰ	pʰ	809:0
326	n	1	ɔ	ou	o	o	a	o	ou	Ø	ɔ	o	809:1
327	t	1	³	³¹	⁴²	⁴³	⁴²	⁴²	³¹	Ø	²¹	⁴²	809:2
328	i	1	ɖʐ	ʈʂ	tɕ	ɖʐ	ɖʐ	tɕ	ts	ts	ʐ	ts	820:0
329	m	1	-	-	i	-	-	i	-	-	-	-	820:1
330	n	1	o	o	u	o	ao	u	ṽ/ʯ̃	əɯ	v/ʯ	v/ʯ	820:2
331	t	1	³	³¹	⁴²	⁴²	⁴²	⁴²	⁴²	²¹	²¹	³¹	820:3
332	i	1	b	-	Ø	I/j	I/j	Ø	Ø	b	v	Ø	831:0
333	m	1	j	j	Ø	-	-	Ø	Ø	-	-	Ø	831:1
334	n	1	o	ɚ/ə	Ø	æ	æ	Ø	Ø	i	ɚ/ə	Ø	831:2
335	c	1	-	-	Ø	-	n	Ø	Ø	-	-	Ø	831:3
336	t	1	²	⁴²	Ø	⁴³	⁴²	Ø	Ø	³³	³³	Ø	831:4
337	i	1	d	t	tɕ	d	d	ʈ	t	t	d	t	839:0
338	m	1	j	i	-	i/j	-	-	-	-	i/j	-	839:1
339	n	1	ɯ	ə	i	ɯ	i	ɯ	ə	əɯ	ɯ	ɯ	839:2
340	t	1	¹	²¹	²¹	²¹	¹²	²¹	²¹	²¹	³⁵	²¹	839:3
341	i	1	kʰ	kʰ	kʰ	kʰ	kʰ	kʰ	kʰ	Ø	kʰ	kʰ	853:0
342	n	1	o	o	o	o	o	õ	õ	Ø	o	ou	853:1
343	c	1	ŋ	ŋ	-	-	ŋ	-	-	Ø	ŋ	-	853:2
344	t	1	¹	⁵⁵	⁵⁵	²⁴	⁵⁵	⁵⁵	⁵⁵	Ø	⁵⁵	⁵⁵	853:3
345	i	1	qʰ	kʰ	qʰ	qʰ	qʰ	qʰ	kʰ	kʰ	qʰ	kʰ	863:0
346	m	1	-	-	-	-	-	-	-	-	-	u/w	863:1
347	n	1	ɔ	u	o	o	o	o	ou	o	ɔ	o	863:2
348	t	1	²	³³	²²	²²	²²	²²	³³	³³	³³	³³	863:3
349	i	1	tsʰ	tsʰ	q	q	dʑ	q	tsʰ	k	tsʰ	Ø	874:0
350	m	1	u/w	u/w	-	-	-	-	u	-	u/w	Ø	874:1
351	n	1	a	a	ɛ	ᴇ/ɛ	ɛ	ẽ	ɑ	eɯ	o	Ø	874:2
352	t	1	⁴	³³	⁵⁵	²⁴	²⁴	⁵⁵	⁴⁴	⁴⁴	⁴²	Ø	874:3
353	i	1	z	Ø	z	z	z	z	Ø	-	z	Ø	886:0
354	m	1	-	Ø	-	-	i/j	-	Ø	j	-	Ø	886:1
355	n	1	e	Ø	ɛ	ɿ	e	ẽ	Ø	e	i	Ø	886:2
356	c	1	n	Ø	-	-	n	-	Ø	n	-	Ø	886:3
357	t	1	¹	Ø	²¹	²¹	¹²	²¹	Ø	²¹	³⁵	Ø	886:4
358	i	1	Ø	pʰ	Ø	Ø	Ø	Ø	pʰ	Ø	Ø	pʰ	885:0
359	n	1	Ø	a	Ø	Ø	Ø	Ø	a	Ø	Ø	e	885:1
360	t	1	Ø	²¹	Ø	Ø	Ø	Ø	³¹	Ø	Ø	²¹	885:2
361	i	1	q	k	q	q	q	q	k	k	q	k	896:0
362	n	1	æ	ɚ/ə	a	æ	a	o	ɛ̃	ɚ/ə̃	a	ɛ	896:1
363	c	1	n	-	-	-	n	-	-	-	ŋ	-	896:2
364	t	1	¹	³⁵	⁵⁵	²⁴	⁵⁵	⁵⁵	⁵⁵	⁵⁵	⁵⁵	⁵⁵	896:3
365	i	1	n	Ø	n	n	n	n	Ø	n	n	ɲ	907:0
366	n	1	o	Ø	õ	o	õ	õ	Ø	o	o	o	907:1
367	c	1	ŋ	Ø	-	-	-	-	Ø	ŋ	ŋ	-	907:2
368	t	1	1b/¹	Ø	²¹	²¹	¹²	²¹	Ø	²¹	³⁵	²¹	907:3
369	i	1	ʈ	ʈʂ	s	t	ts	ʈ	ts	ts	t	ts	916:0
370	m	1	-	-	-	i/j	-	-	-	-	i/j	-	916:1
371	n	1	o	õ	y	o	o	õ	õ	o	o	ou	916:2
372	c	1	ŋ	-	-	-	ŋ	-	-	ŋ	ŋ	-	916:3
373	t	1	¹	-	⁵⁵	²⁴	¹²	⁵⁵	⁵⁵	⁵⁵	⁵⁵	³⁵	916:4
374	i	1	d	ʈʂ	dʑ	d	ɖʐ	ɖ	ts	dz	d	ts	929:0
375	m	1	r	-	-	i/j	-	-	-	-	i/j	-	929:1
376	n	1	ɯ	ɯ	i	ɯ	i	ɯ	ɯ	əɯ	ɯ	ɯ	929:2
377	t	1	³	³¹	⁴²	⁴³	⁴²	⁴²	³¹	²¹	²¹	³¹	929:3
378	i	1	n	Ø	n	n	ɲ	n	Ø	n	Ø	ɲ	940:0
379	n	1	o	Ø	õ	o	o	õ	Ø	o	Ø	o	940:1
380	c	1	ŋ	Ø	-	-	-	-	Ø	ŋ	Ø	-	940:2
381	t	1	³	Ø	⁴²	⁴²	⁴³	⁴²	Ø	²¹	Ø	²¹	940:3
382	i	1	pʰ	pʰ	Ø	pʰ	Ø	Ø	pʰ	Ø	Ø	pʰ	3824:0
383	m	1	r	i/j	Ø	i/j	Ø	Ø	i/j	Ø	Ø	i/j	3824:1
384	n	1	æ	ɚ/ə	Ø	æ	Ø	Ø	ɛ	Ø	Ø	ɛ	3824:2
385	t	1	¹	⁵⁵	Ø	²⁴	Ø	Ø	⁵⁵	Ø	Ø	⁵⁵	3824:3
386	i	1	m	m	Ø	m	m	m	m	m	m	m	971:0
387	n	1	e	e	Ø	i	i	i	e	i	i	e	971:1
388	t	1	1a/¹	³⁵	Ø	²⁴	⁵⁵	⁵⁵	⁵⁵	⁵⁵	⁵⁵	³⁵	971:2
389	i	1	sʰ	sʰ	s	s	s	s	s	Ø	s	Ø	979:0
390	n	1	ɛ	e	ɛ	ᴇ/ɛ	ɛ	e	e	Ø	ɛ	Ø	979:1
391	t	1	⁴	⁴⁴	⁴⁴	⁵⁵	²⁴	⁵⁵	⁴⁴	Ø	⁴²	Ø	979:2
392	i	1	ŋ	Ø	Ø	Ø	ŋ	Ø	Ø	Ø	ŋ	Ø	993:0
393	n	1	ɔ	Ø	Ø	Ø	ᴇ/ɛ	Ø	Ø	Ø	ɔ	Ø	993:1
394	t	1	1b/¹	Ø	Ø	Ø	¹²	Ø	Ø	Ø	³⁵	Ø	993:2
395	i	1	k	k	k	k	g	k	k	k	k	k	1001:0
396	n	1	ɯ	ɯ	ɯ	ɯ	a	ɯ	ɯ	ɯ	ɯ	ɯ	1001:1
397	t	1	¹	⁰	⁵⁵	²⁴	¹²	⁵⁵	⁵⁵	⁵⁵	⁵⁵	³⁵	1001:2
398	i	1	Ø	Ø	Ø	Ø	ɲ	Ø	k	ɲ	Ø	ɲ	5250:0
399	n	1	Ø	Ø	Ø	Ø	õ	Ø	ɑ	o	Ø	i	5250:1
400	c	1	Ø	Ø	Ø	Ø	-	Ø	-	ŋ	Ø	v	5250:2
401	t	1	Ø	Ø	Ø	Ø	²²	Ø	²¹	³³	Ø	³³	5250:3
402	i	1	s	ʂ	ɕ	ɕ	s	ɕ	s	s	ʂ	s	1015:0
403	m	1	r	-	-	-	-	-	-	-	-	-	1015:1
404	n	1	o	*/ə	y	u	ao	u	ṽ/ʯ̃	u	v/ʯ	v/ʯ	1015:2
405	t	1	¹	³⁵	⁵⁵	²⁴	⁵⁵	⁵⁵	⁵⁵	⁵⁵	⁵⁵	³⁵	1015:3
406	i	1	b	p	Ø	p	b	Ø	p	Ø	b	pʰ	1026:0
407	n	1	æ	ɚ/ə	Ø	æ	æ	Ø	a	Ø	a	ə	1026:1
408	t	1	¹	²¹	Ø	²¹	¹²	Ø	²¹	Ø	³⁵	⁴²	1026:2
409	i	1	ts	ʈʂ	tɕ	tɕ	ts	tɕ	ts	ts	ʈʂ	ts	1035:0
410	m	1	r	-	-	-	-	-	-	-	-	-	1035:1
411	n	1	ɔ	o	u	u	ao	u	v/ʯ	v/ʯ	v/ʯ	v/ʯ	1035:2
412	t	1	²	³³	²²	²²	²²	²²	⁵⁵	³³	³³	³³	1035:3
413	i	1	ts	ts	ts	ts	ts	Ø	ts	ts	ts	Ø	1046:0
414	n	1	o	u	y	u	u	Ø	ou	o	u	Ø	1046:1
415	t	1	⁵	⁴²	⁴²	⁴³	⁴²	Ø	⁴²	⁴²	²¹	Ø	1046:2
416	i	1	q	Ø	q	q	q	q	Ø	k	q	k	1056:0
417	n	1	æ	Ø	a	æ	a	ã	Ø	ɚ/ə̃	a	ɛ	1056:1
418	c	1	n	Ø	-	-	n	-	Ø	-	ŋ	-	1056:2
419	t	1	²	Ø	²²	²²	²²	²²	Ø	³³	³³	³³	1056:3
420	i	1	tsʰ	Ø	tsʰ	tsʰ	tsʰ	ts	Ø	tsʰ	tsʰ	Ø	1066:0
421	n	1	o	Ø	o	o	o	õ	Ø	o	o	Ø	1066:1
422	c	1	ŋ	Ø	-	-	ŋ	-	Ø	ŋ	ŋ	Ø	1066:2
423	t	1	¹	Ø	⁵⁵	²⁴	⁵⁵	⁵⁵	Ø	⁵⁵	⁵⁵	Ø	1066:3
424	i	1	h	Ø	Ø	Ø	h	Ø	Ø	Ø	h	Ø	1075:0
425	n	1	ɔ	Ø	Ø	Ø	o	Ø	Ø	Ø	ɔ	Ø	1075:1
426	t	1	¹	Ø	Ø	Ø	¹²	Ø	Ø	Ø	⁵⁵	Ø	1075:2
427	i	1	Ø	x	x	χ	Ø	k	x	x	Ø	x	1074:0
428	n	1	Ø	ou	o	o	Ø	v/ʯ	ou	o	Ø	o	1074:1
429	t	1	Ø	³⁵	⁵⁵	²⁴	Ø	⁴²	⁵⁵	⁵⁵	Ø	³⁵	1074:2
430	i	1	qʰ	Ø	qʰ	qʰ	qʰ	qʰ	kʰ	kʰ	qʰ	kʰ	1086:0
431	n	1	ɔ	Ø	u	u	u	o	ou	o	o	ɑ	1086:1
432	t	1	⁴	Ø	⁴⁴	⁵⁵	²²⁴	⁵⁵	⁴⁴	⁴⁴	⁴²	⁴⁴	1086:2
433	i	1	kʰ	Ø	kʰ	kʰ	kʰ	k	kʰ	kʰ	kʰ	kʰ	1097:0
434	n	1	o	Ø	u	o	ao	ɯ	v/ʯ	u	v/ʯ	v/ʯ	1097:1
435	t	1	⁴	Ø	⁴⁴	⁵⁵	²⁴	⁵⁵	⁴⁴	⁵⁵	⁴²	⁴⁴	1097:2
436	i	1	sʰ	ʂʰ	ɕ	ɕ	s	ɕ	s	s	ɕ	s	1107:0
437	m	1	r	-	-	i/j	-	-	-	-	-	-	1107:1
438	n	1	æ	ɚ/ə	a	æ	æ	a	a	ɚ/ə	a	ɛ	1107:2
439	t	1	⁴	⁴⁴	⁴⁴	⁵⁵	²⁴	⁵⁵	⁴⁴	⁴⁴	⁴²	⁴⁴	1107:3
440	i	1	tsʰ	tsʰ	Ø	tɕʰ	tsʰ	Ø	tsʰ	tsʰ	tsʰ	tsʰ	1119:0
441	m	1	u/w	u/w	Ø	y/ɥ	u/w	Ø	u/w	u/w	-	u/w	1119:1
442	n	1	a	ã	Ø	ᴇ/ɛ	a	Ø	ɑ̃	e	o	a	1119:2
443	c	1	ŋ	-	Ø	-	ŋ	Ø	-	n	ŋ	-	1119:3
444	t	1	²	³³	Ø	²²	²²	Ø	³³	³³	³³	³³	1119:4
445	i	1	pʰ	pʰ	Ø	pʰ	pʰ	pʰ	pʰ	pʰ	pʰ	pʰ	1130:0
446	n	1	æ	ou	Ø	æ	æ	o	a	ɚ/ə	a	ɛ	1130:1
447	t	1	⁴	³³	Ø	⁴⁴	²⁴	⁴²	⁴⁴	⁴⁴	⁴²	³³	1130:2
448	i	1	n	-	Ø	Ø	Ø	Ø	-	Ø	-	Ø	1154:0
449	m	1	j	j	Ø	Ø	Ø	Ø	j	Ø	j	Ø	1154:1
450	n	1	o	ũ	Ø	Ø	Ø	Ø	ṽ/ʯ̃	Ø	v/ʯ	Ø	1154:2
451	c	1	-	-	Ø	Ø	Ø	Ø	-	Ø	ŋ	Ø	1154:3
452	t	1	²	³³	Ø	Ø	Ø	Ø	³³	Ø	³³	Ø	1154:4
453	i	1	Ø	Ø	ɲ	ɲ	ɲ	ɲ	Ø	ɲ	Ø	ɲ	1155:0
454	m	1	Ø	Ø	i	i	i	i	Ø	-	Ø	-	1155:1
455	n	1	Ø	Ø	u	u	õ	u	Ø	õ	Ø	i	1155:2
456	c	1	Ø	Ø	-	-	-	-	Ø	-	Ø	v	1155:3
457	t	1	Ø	Ø	²²	²²	²²	²²	Ø	³³	Ø	³³	1155:4
458	i	1	n	Ø	Ø	ɲ	ɲ	ɲ	Ø	n	Ø	ɲ	1166:0
459	m	1	j	Ø	Ø	-	-	-	Ø	-	Ø	i/j	1166:1
460	n	1	i	Ø	Ø	i	i	i	Ø	i	Ø	e	1166:2
461	t	1	⁴	Ø	Ø	²²	²²	⁵⁵	Ø	⁴⁴	Ø	⁴⁴	1166:3
462	i	1	s	ɕ	s	s	ɕ	ɕ	ɕ	ɕ	ɕ	ɕ	1173:0
463	m	1	j	-	-	-	-	-	-	-	-	-	1173:1
464	n	1	i	i	i	i	i	i	i	i	i	i	1173:2
465	t	1	²	³³	²²	²²	²²	²²	³³	³³	³³	³³	1173:3
466	i	1	sʰ	ʂʰ	s	s	ʂ	x	s	s	ʂ	s	1184:0
467	m	1	r	-	-	-	-	-	-	-	-	-	1184:1
468	n	1	e	ɚ/ə	ɛ	ɿ	i	õ	a	e	ɚ/ə̃	i	1184:2
469	c	1	ŋ	-	-	-	-	-	n	n	-	-	1184:3
470	t	1	¹	⁵⁵	⁵⁵	²⁴	⁵⁵	⁵⁵	⁵⁵	⁵⁵	⁵⁵	⁵⁵	1184:4
471	i	1	p	f	pʰ	f	pʰ	f	f	Ø	f	p	1206:0
472	m	1	j	-	-	-	-	-	-	Ø	-	-	1206:1
473	n	1	ɛ	v/ʯ	u	ᴇ/ɛ	u	e	v/ʯ	Ø	ɚ/ə	o	1206:2
474	t	1	²	³³	⁵⁵	²²	⁵⁵	²²	³³	Ø	³³	³³	1206:3
475	i	1	Ø	f	Ø	f	pf	f	f	Ø	f	f	1218:0
476	n	1	Ø	ṽ/ʯ̃	Ø	ᴇ/ɛ	ũ	i	ṽ/ʯ̃	Ø	ɚ/ə	v/ʯ	1218:1
477	t	1	Ø	³⁵	Ø	²⁴	⁵⁵	⁵⁵	⁵⁵	Ø	⁵⁵	³⁵	1218:2
478	i	1	qʰ	kʰ	qʰ	qʰ	qʰ	qʰ	kʰ	kʰ	qʰ	kʰ	1230:0
479	m	1	u/w	u/w	u/w	u/w	u/w	-	u/w	u/w	u/w	u/w	1230:1
480	n	1	a	a	a	a	a	õ	ɑ̃	a	a	a	1230:2
481	c	1	ŋ	ŋ	-	-	ŋ	-	g	ŋ	ŋ	-	1230:3
482	t	1	²	³³	²²	²²	²²	²²	³³	³³	³³	³³	1230:4
483	i	1	m	m	m	m	m	m	m	m	m	m	1241:0
484	n	1	ɛ	e	ɛ	ᴇ/ɛ	ə	e	e	e	ɛ	e	1241:1
485	c	1	-	-	-	-	n	-	-	-	-	-	1241:2
486	t	1	1b/¹	²¹	²¹	²¹	¹²	²¹	²¹	²¹	³⁵	²¹	1241:3
487	i	1	l	l	l	l	l	l	l	l	l	l	1252:0
488	n	1	o	õ	u	u	õ	u	ṽ/ʯ̃	o	o	v/ʯ	1252:1
489	c	1	ŋ	-	-	-	-	-	-	ŋ	ŋ	-	1252:2
490	t	1	1b/¹	²¹	²¹	²¹	¹²	²¹	²¹	²¹	³⁵	²¹	1252:3
491	i	1	m	m	m	m	m	m	m	m	m	m	1263:0
492	n	1	ɯ	ə̃	ɯ̃	ɯ	o	ɯ	ə̃	əɯ	o	ɯ	1263:1
493	c	1	-	-	-	-	ŋ	-	-	-	-	-	1263:2
494	t	1	⁵	⁴²	⁵⁵	⁴³	²⁴	⁴²	³¹	²¹	²¹	⁵³	1263:3
495	n	1	ɯ̃	ə̃	ɯ̃	ɯ	Ø	ɯ̃	ə̃	Ø	ɯ̃	ɯ	1274:0
496	t	1	²	³³	²²	²²	Ø	²²	³³	Ø	³³	³³	1274:1
497	i	1	ɣ	k	Ø	ɣ	q	Ø	k	k	Ø	k	1286:0
498	n	1	u	u	Ø	u	o	Ø	u	əɯ	Ø	u	1286:1
499	c	1	ŋ	-	Ø	-	ŋ	Ø	-	-	Ø	-	1286:2
500	t	1	²	³³	Ø	²²	²²	Ø	³³	²¹	Ø	³³	1286:3
501	i	1	q	k	q	q	q	q	k	k	q	k	1294:0
502	n	1	a	ã	o	a	a	ã	ɑ̃	a	ɔ	a	1294:1
503	c	1	ŋ	-	-	-	ŋ	-	-	ŋ	ŋ	-	1294:2
504	t	1	¹	³⁵	⁵⁵	²⁴	⁵⁵	⁵⁵	⁵⁵	⁵⁵	⁵⁵	³⁵	1294:3
505	i	1	k	Ø	k	k	k	k	Ø	k	Ø	k	1305:0
506	m	1	u/w	Ø	u/w	u/w	u/w	u/w	Ø	u/w	Ø	u/w	1305:1
507	n	1	a	Ø	i	a	a	a	Ø	a	Ø	a	1305:2
508	t	1	⁴	Ø	⁵⁵	⁵⁵	¹²	⁵⁵	Ø	⁴⁴	Ø	⁵⁵	1305:3
509	i	1	ʈ	ʈʂ	Ø	Ø	ts	Ø	ts	ts	tʲ	ts	1315:0
510	m	1	u/w	u/w	Ø	Ø	u/w	Ø	u/w	u/w	u/w	u/w	1315:1
511	n	1	æ	ɚ̃/ə̃	Ø	Ø	a	Ø	a	ɚ	a	ɛ	1315:2
512	c	1	n	-	Ø	Ø	n	Ø	n	-	ŋ	-	1315:3
513	t	1	²	³³	Ø	Ø	²²	Ø	³³	³³	³³	³³	1315:4
514	i	1	ts	ts	tɕ	tɕ	tɕ	ts	ts	ts	tɕ	ts	1326:0
515	m	1	-	-	y/ɥ	y/ɥ	-	y/ɥ	-	-	y/ɥ	-	1326:1
516	n	1	u	u	i	i	y	i	u	u	i	u	1326:2
517	t	1	²	³³	²²	²²	²²	²²	³³	³³	³³	³³	1326:3
518	i	1	ɣ	k	k	k	tɕ	k	k	k	q	k	1337:0
519	m	1	-	-	-	-	i/j	-	-	-	-	-	1337:1
520	n	1	o	o	o	o	e	õ	õ	o	o	u	1337:2
521	c	1	ŋ	ŋ	-	-	n	-	-	ŋ	ŋ	-	1337:3
522	t	1	¹	³¹	²¹	²²	²²	²¹	²¹	²¹	³⁵	²¹	1337:4
523	i	1	d	tɕ	tɕ	dʑ	dʑ	dʑ	tɕ	t	ʑ	tɕ	1348:0
524	n	1	i	i	i	i	i	i	i	i	i	i	1348:1
525	t	1	³	³¹	⁴²	⁴²	⁴²	⁴²	³¹	²¹	²¹	³¹	1348:2
526	i	1	Ø	tɕ	tɕ	dʑ	dʑ	tɕ	tɕ	t	ʑ	tɕ	2966:0
527	n	1	Ø	i	i	i	i	i	i	i	i	i	2966:1
528	t	1	Ø	²¹	²¹	⁴³	²¹	²¹	³¹	³¹	²¹	³¹	2966:2
529	m	1	Ø	j	j	j	j	Ø	j	j	Ø	Ø	1360:0
530	n	1	Ø	u	u	u	u	Ø	u	u	Ø	Ø	1360:1
531	t	1	Ø	³¹	⁴²	⁴³	²⁴	Ø	³¹	³¹	Ø	Ø	1360:2
532	i	1	Ø	Ø	d	d	Ø	d	Ø	t	Ø	Ø	1361:0
533	n	1	Ø	Ø	o	a	Ø	a	Ø	i	Ø	Ø	1361:1
534	t	1	Ø	Ø	⁴²	⁴³	Ø	⁴²	Ø	³¹	Ø	Ø	1361:2
535	i	1	ɣ	ɣ	Ø	Ø	Ø	Ø	ɣ	Ø	Ø	Ø	1379:0
536	n	1	o	ou	Ø	Ø	Ø	Ø	ou	Ø	Ø	Ø	1379:1
537	t	1	⁴	⁴²	Ø	Ø	Ø	Ø	⁴²	Ø	Ø	Ø	1379:2
538	m	1	j	j	j	j	j	j	j	j	j	j	1390:0
539	n	1	ɯ	ɯ	i	ɯ	u	i	ɯ	i	u	ɯ	1390:1
540	t	1	⁴	⁴⁴	⁴⁴	⁵⁵	⁴²	⁵⁵	⁴⁴	⁴⁴	⁴²	⁴⁴	1390:2
541	i	1	s	s	s	s	s	s	s	s	s	s	1401:0
542	n	1	e	e	ɛ	ᴇ/ɛ	e	ẽ	e	ɛ	e	e	1401:1
543	c	1	n	n	-	-	n	-	n	-	n	-	1401:2
544	t	1	⁵	⁴²	⁴²	⁴³	⁴²	⁴²	⁴²	⁴²	²¹	⁴²	1401:3
545	i	1	p	p	Ø	p	Ø	Ø	p	p	Ø	p	1412:0
546	m	1	r	i/j	Ø	i/j	Ø	Ø	i/j	i/j	Ø	i/j	1412:1
547	n	1	a	a	Ø	a	Ø	Ø	o	a	Ø	a	1412:2
548	t	1	⁴	⁴⁴	Ø	⁵⁵	Ø	Ø	⁴⁴	⁴⁴	Ø	⁴⁴	1412:3
549	i	1	Ø	Ø	tɕ	Ø	tɕ	tɕ	Ø	Ø	tɕ	Ø	1413:0
550	m	1	Ø	Ø	y	Ø	u/w	u/w	Ø	Ø	-	Ø	1413:1
551	n	1	Ø	Ø	a	Ø	a	a	Ø	Ø	o	Ø	1413:2
552	t	1	Ø	Ø	⁴⁴	Ø	²⁴	⁵⁵	Ø	Ø	⁴²	Ø	1413:3
553	i	1	qʰ	kʰ	qʰ	qʰ	qʰ	qʰ	kʰ	k	qʰ	Ø	1423:0
554	n	1	o	õ	õ	o	o	õ	ṽ/ʯ̃	o	o	Ø	1423:1
555	c	1	ŋ	-	-	-	ŋ	-	-	ŋ	ŋ	Ø	1423:2
556	t	1	¹	⁵⁵	⁵⁵	²⁴	⁵⁵	⁵⁵	⁵⁵	⁵⁵	⁵⁵	Ø	1423:3
557	i	1	m	m	m	m	m	m	m	Ø	m	m	1433:0
558	n	1	ɯ	ə̃	ɯ	ɯ	o	ɯ	õ	Ø	ɯ	o	1433:1
559	c	1	-	-	-	-	ŋ	-	-	Ø	-	-	1433:2
560	t	1	1b/¹	²¹	²¹	²¹	¹²	²¹	²¹	Ø	³⁵	²¹	1433:3
561	i	1	m	m	Ø	m	m	Ø	Ø	Ø	m	Ø	1445:0
562	n	1	ɯ	ɯ	Ø	ɯ	u	Ø	Ø	Ø	ɯ	Ø	1445:1
563	t	1	²	³³	Ø	²²	²²	Ø	Ø	Ø	⁴⁴	Ø	1445:2
564	i	1	s	s	s	s	ʂ	ʂ	s	s	ʂ	s	1451:0
565	m	1	r	-	-	-	-	-	-	-	-	-	1451:1
566	n	1	i	i	ɛ	ɿ	i	ɚ/ə	i	i	i	i	1451:2
567	t	1	²	³³	²²	²²	²²	²²	³³	³³	³³	³³	1451:3
568	i	1	ŋ	u/w	ŋ	ŋ	u/w	Ø	u/w	ŋ	u/w	u/w	1462:0
569	m	1	u/w	-	u/w	u/w	-	Ø	-	u/w	-	-	1462:1
570	n	1	e	ẽ	i	i	e	Ø	ẽ	ɛ	e	e	1462:2
571	c	1	n	-	-	-	n	Ø	-	-	n	-	1462:3
572	t	1	²	³³	²²	²²	²²	Ø	³³	³³	³³	³³	1462:4
573	i	1	t	t	t	t	t	t	t	ts	t	t	1473:0
574	m	1	u/w	u/w	-	y/ɥ	iu/ɥ	y/ɥ	u/w	u/w	u/w	u/w	1473:1
575	n	1	e	e	i	ᴇ/ɛ	e	i	e	e	e	e	1473:2
576	c	1	n	n	-	-	n	-	n	n	-	-	1473:3
577	t	1	²	³³	²²	²²	²²	²²	³³	³³	³³	³³	1473:4
578	i	1	pʰ	f	f	f	pfʰ	f	f	pʰ	f	Ø	1484:0
579	m	1	j	-	-	-	-	-	-	-	-	Ø	1484:1
580	n	1	ɛ	v/ʯ	ɛ	ᴇ/ɛ	u	e	v/ʯ	i	ɚ/ə	Ø	1484:2
581	t	1	³	³¹	²²	⁴³	⁵⁵	⁴²	³¹	²¹	²¹	Ø	1484:3
582	i	1	p	p	Ø	p	Ø	Ø	p	pʰ	Ø	Ø	1497:0
583	m	1	r	-	Ø	-	Ø	Ø	-	-	Ø	Ø	1497:1
584	n	1	i	i	Ø	i	Ø	Ø	i	i	Ø	Ø	1497:2
585	t	1	⁴	⁴⁴	Ø	⁵⁵	Ø	Ø	⁴⁴	⁵⁵	Ø	Ø	1497:3
586	i	1	Ø	Ø	tɕ	Ø	tɕ	tɕ	Ø	Ø	tɕ	Ø	1498:0
587	m	1	Ø	Ø	y/ɥ	Ø	-	y/ɥ	Ø	Ø	y/ɥ	Ø	1498:1
588	n	1	Ø	Ø	i	Ø	y	i	Ø	Ø	i	Ø	1498:2
589	t	1	Ø	Ø	⁴⁴	Ø	²⁴	⁵⁵	Ø	Ø	⁴²	Ø	1498:3
590	i	1	tɕʰ	tɕʰ	tɕʰ	tɕʰ	tɕʰ	tɕʰ	tɕʰ	tɕʰ	tɕʰ	tɕʰ	1507:0
591	n	1	i	i	i	i	i	i	i	i	i	i	1507:1
592	t	1	¹	⁵⁵	⁵⁵	²⁴	⁵⁵	⁵⁵	⁵⁵	⁵⁵	⁵⁵	⁵⁵	1507:2
593	i	1	t	t	q	ts	t	q	t	t	t	t	1518:0
594	n	1	æ	ɚ/ə̃	a	a	a	ã	a	ɚ/ə̃	ɔ	ɛ	1518:1
595	c	1	ŋ	-	-	-	ŋ	-	n	-	-	-	1518:2
596	t	1	⁴	⁴⁴	²¹	⁵⁵	²⁴	⁴²	⁴⁴	⁴⁴	⁴²	⁴⁴	1518:3
597	i	1	Ø	Ø	s	s	Ø	s	Ø	Ø	Ø	Ø	1519:0
598	n	1	Ø	Ø	o	a	Ø	o	Ø	Ø	Ø	Ø	1519:1
599	t	1	Ø	Ø	⁵⁵	²⁴	Ø	⁵⁵	Ø	Ø	Ø	Ø	1519:2
600	i	1	q	k	q	q	q	q	k	k	q	k	3612:0
601	n	1	ɯ	ɯ	ɯ	ɯ	e	ɯ	ɯ	ə	ɚ/ə	ɯ	3612:1
602	t	1	¹	³⁵	⁵⁵	²⁴	⁵⁵	⁵⁵	⁵⁵	⁵⁵	⁵⁵	³⁵	3612:2
603	i	1	sʰ	ʂ	ɕ	ɕ	ʂ	ɕ	s	s	ɕ	s	1543:0
604	m	1	r	-	-	i/j	-	-	-	-	ɨ/j	-	1543:1
605	n	1	ɯ	ɯ	i	ɯ	i	i	ɯ	əɯ	ɯ	ɯ	1543:2
606	t	1	²	³³	²²	²²	²²	²²	³³	³³	³³	³³	1543:3
607	i	1	ts	t	ts	ts	ʈʂ	ʈʂ	ts	ts	ʈʂ	ts	1544:0
608	m	1	r	-	-	-	-	-	-	-	-	-	1544:1
609	n	1	i	i	ɛ	ɿ	i	ɚ/ə	i	i	ɚ/ə	i	1544:2
610	t	1	²	³¹	²²	²²	²²	²²	³³	⁴⁴	³³	³³	1544:3
611	i	1	x	x	Ø	x	x	Ø	x	Ø	x	x	1564:0
612	m	1	u/w	u/w	Ø	u/w	u/w	Ø	u/w	Ø	u/w	u/w	1564:1
613	n	1	i	i	Ø	i	ɛ	Ø	i	Ø	e	i	1564:2
614	t	1	²	³³	Ø	²²	²²	Ø	³³	Ø	³³	³³	1564:3
615	i	1	Ø	Ø	f	Ø	Ø	f	Ø	f	Ø	Ø	1565:0
616	n	1	Ø	Ø	i	Ø	Ø	i	Ø	i	Ø	Ø	1565:1
617	t	1	Ø	Ø	²²	Ø	Ø	²²	Ø	³³	Ø	Ø	1565:2
618	i	1	s	ɕ	s	s	χ	s	ɕ	ɕ	ɕ	ɕ	1575:0
619	m	1	j	i/j	-	-	i/j	-	i/j	-	i/j	-	1575:1
620	n	1	e	e	ɛ	i	e	ẽ	e	e	e	i	1575:2
621	c	1	n	n	-	-	n	-	n	n	n	-	1575:3
622	t	1	¹	⁵⁵	⁵⁵	²⁴	⁵⁵	⁵⁵	⁵⁵	⁵⁵	⁵⁵	³⁵	1575:4
623	i	1	ŋ	Ø	ŋ	ŋ	ŋ	ŋ	Ø	Ø	ŋ	ŋ	1587:0
624	n	1	o	Ø	u	o	o	u	Ø	Ø	v/ʯ	o	1587:1
625	t	1	1a/¹	Ø	⁵⁵	²⁴	⁵⁵	⁵⁵	Ø	Ø	⁵⁵	³⁵	1587:2
626	i	1	ŋ	Ø	ŋ	ŋ	ŋ	ŋ	Ø	ŋ̍/ŋ	ŋ	Ø	1598:0
627	n	1	u	Ø	u	u	o	u	Ø	*/ə	v/ʯ	Ø	1598:1
628	c	1	-	Ø	-	-	-	-	Ø	ŋ	-	Ø	1598:2
629	t	1	²	Ø	²²	²²	²²	²²	Ø	³³	³³	Ø	1598:3
630	i	1	s	Ø	s	s	ʂ	ʂ	s	s	ʂ	Ø	1609:0
631	m	1	r	Ø	-	-	-	-	-	u/w	-	Ø	1609:1
632	n	1	e	Ø	ɛ	ɿ	i	ɚ/ə̃	a	ɛ	ɚ/ə̃	Ø	1609:2
633	c	1	ŋ	Ø	-	-	-	-	n	-	-	Ø	1609:3
634	t	1	¹	Ø	⁵⁵	²⁴	⁵⁵	⁵⁵	⁵⁵	⁴²	⁵⁵	Ø	1609:4
635	i	1	b	p	p	b	b	p	p	p	b	p	1618:0
636	n	1	ɯ	u	ɯ	ɯ	u	ɯ	ɯ	əɯ	ɯ	ɯ	1618:1
637	t	1	¹	²¹	²¹	²¹	¹²	²¹	²¹	²¹	³⁵	²¹	1618:2
638	i	1	p	f	Ø	f	pf	f	f	p	f	f	1629:0
639	m	1	j	-	Ø	-	-	-	-	-	-	-	1629:1
640	n	1	e	v/ʯ	Ø	ᴇ/ɛ	u	i	v/ʯ	i	ɚ/ə	v/ʯ	1629:2
641	t	1	¹	³⁵	Ø	²⁴	⁵⁵	⁵⁵	⁵⁵	⁵⁵	⁵⁵	³⁵	1629:3
642	i	1	k	k	k	k	k	k	k	k	k	k	1640:0
643	n	1	o	ou	u	u	u	o	ou	o	o	o	1640:1
644	t	1	⁴	⁴⁴	⁴⁴	⁵⁵	²⁴	⁵⁵	⁴⁴	⁴⁴	⁴²	⁴⁴	1640:2
645	i	1	ɕ	Ø	Ø	Ø	Ø	Ø	s	Ø	Ø	s	1654:0
646	m	1	u/w	Ø	Ø	Ø	Ø	Ø	u/w	Ø	Ø	u/w	1654:1
647	n	1	i	Ø	Ø	Ø	Ø	Ø	ɑ̃	Ø	Ø	a	1654:2
648	t	1	²	Ø	Ø	Ø	Ø	Ø	⁵⁵	Ø	Ø	³⁵	1654:3
649	i	1	Ø	-	Ø	d	Ø	Ø	Ø	Ø	d	Ø	1652:0
650	m	1	Ø	j	Ø	i/j	Ø	Ø	Ø	Ø	i/j	Ø	1652:1
651	n	1	Ø	ɚ/ə	Ø	ɯ	Ø	Ø	Ø	Ø	ɯ	Ø	1652:2
652	t	1	Ø	⁵⁵	Ø	⁴³	Ø	Ø	Ø	Ø	²¹	Ø	1652:3
653	i	1	Ø	Ø	k	k	g	k	Ø	k	k	Ø	1653:0
654	n	1	Ø	Ø	ɯ	ɯ	o	ɯ̃	Ø	o	o	Ø	1653:1
655	c	1	Ø	Ø	-	-	ŋ	-	Ø	ŋ	ŋ	Ø	1653:2
656	t	1	Ø	Ø	⁴²	⁴³	⁵⁵	⁴²	Ø	³³	⁰	Ø	1653:3
657	i	1	Ø	ʈʂ	dʑ	Ø	ɖʐ	ɖ	ts	Ø	Ø	ts	1651:0
658	n	1	Ø	ɯ	i	Ø	i	ɯ	ɯ	Ø	Ø	ɯ	1651:1
659	t	1	Ø	²¹	⁴²	Ø	¹²	⁴²	³¹	Ø	Ø	³¹	1651:2
660	i	1	s	ɕ	s	s	ɕ	ɕ	ɕ	ɕ	ɕ	ɕ	1671:0
661	m	1	j	-	-	-	-	-	-	-	-	-	1671:1
662	n	1	i	i	i	i	i	i	i	i	i	i	1671:2
663	t	1	⁴	⁴⁴	⁴⁴	⁵⁵	²⁴	⁴⁴	⁴⁴	⁴⁴	⁴²	⁴⁴	1671:3
664	i	1	ɕ	ɕ	Ø	ɕ	ɕ	ɕ	ɕ	ɕ	ɕ	ɕ	1682:0
665	m	1	-	-	Ø	i/j	i/j	-	i	-	-	-	1682:1
666	n	1	o	o	Ø	o	o	õ	õ	o	o	ou	1682:2
667	c	1	ŋ	ŋ	Ø	-	ŋ	-	-	ŋ	ŋ	-	1682:3
668	t	1	¹	³⁵	Ø	²⁴	⁵⁵	⁵⁵	⁵⁵	⁵⁵	⁵⁵	³⁵	1682:4
669	i	1	tɕ	tɕ	tɕ	ts	Ø	ʈʂ	tɕ	tɕ	tɕ	tɕ	1693:0
670	m	1	-	i/j	-	-	Ø	-	i	-	-	-	1693:1
671	n	1	a	a	a	i	Ø	ɚ/ə̃	ɑ	a	ɔ	a	1693:2
672	t	1	³	³¹	⁴²	²⁴	Ø	⁵⁵	³¹	²¹	²¹	³¹	1693:3
673	n	1	Ø	Ø	a	a	a	a	a	a	a	a	1695:0
674	t	1	Ø	Ø	⁴²	⁴³	⁵⁵	⁴²	⁴²	²¹	²¹	³¹	1695:1
675	i	1	dʑ	tɕ	dz	dz	dʑ	tɕ	tɕ	tɕʰ	ʐ	tɕ	1706:0
676	m	1	-	i/j	i/j	i/j	i/j	-	i	-	-	i/j	1706:1
677	n	1	a	a	o	a	a	a	ɑ	a	ɔ	a	1706:2
678	t	1	⁴	⁴²	⁴²	²¹	²¹	⁴²	⁴²	⁴²	⁴²	⁴²	1706:3
679	n	1	Ø	u	õ	u	õ	õ	õ	ɛ	Ø	ou	1717:0
680	t	1	Ø	³¹	²¹	²¹	¹²	²¹	²¹	³³	Ø	²¹	1717:1
681	i	1	s	ʂ	ɕ	ɕ	s	ɕ	s	s	ɕ	s	1731:0
682	m	1	-	-	u/w	i/j	-	i	-	-	i/j	-	1731:1
683	n	1	o	ou	o	o	o	õ	õ	o	o	ou	1731:2
684	c	1	ŋ	-	ŋ	-	ŋ	-	-	ŋ	ŋ	-	1731:3
685	t	1	¹	⁴⁴	⁵⁵	²⁴	⁵⁵	⁵⁵	⁵⁵	⁵⁵	⁵⁵	⁵⁵	1731:4
686	i	1	χ	x	Ø	χ	χ	Ø	x	x	x	x	1742:0
687	n	1	ɯ̃	u	Ø	ɯ	e	Ø	ə̃	ə	ẽ	ɯ	1742:1
688	c	1	-	-	Ø	-	n	Ø	-	-	-	-	1742:2
689	t	1	²	³³	Ø	²²	²²	Ø	³³	³³	³³	³³	1742:3
690	i	1	s	s	s	ɕ	ɕ	s	s	s	s	s	1751:0
691	m	1	u/w	u/w	u/w	y/ɥ	y/ɥ	-	u/w	u/w	u/w	u/w	1751:1
692	n	1	a	a	a	ᴇ/ɛ	e	õ	ɑ̃	a	a	a	1751:2
693	c	1	ŋ	ŋ	-	-	n	-	-	ŋ	ŋ	-	1751:3
694	t	1	²¹	³⁵	⁵⁵	²⁴	⁵⁵	⁵⁵	⁵⁵	⁵⁵	⁵⁵	³⁵	1751:4
695	i	1	sʰ	sʰ	s	ɕ	s	s	Ø	s	s	s	1762:0
696	m	1	u/w	u/w	u/w	y/ɥ	u/w	u/w	Ø	u/w	-	u/w	1762:1
697	n	1	a	a	a	ᴇ/ɛ	a	ã	Ø	a	o	a	1762:2
698	c	1	ŋ	ŋ	-	-	ŋ	-	Ø	ŋ	ŋ	-	1762:3
699	t	1	³	³¹	⁴²	⁴²	⁴²	⁴²	Ø	²¹	²¹	³¹	1762:4
700	i	1	t	tʲ	t	t	t	t	t	t	t	t	1773:0
701	n	1	ɯ	ɯ	ɯ	ə	i	ɯ	ə	əɯ	ɯ	ɯ	1773:1
702	t	1	⁴	⁴⁴	⁴⁴	⁵⁵	²⁴	⁵⁵	⁴⁴	⁴⁴	⁴²	⁴⁴	1773:2
703	i	1	k	k	ts	ts	ʈʂ	ʈʂ	k	tɕ	Ø	k	1784:0
704	m	1	r	-	-	-	-	-	-	-	Ø	-	1784:1
705	n	1	o	o	ɛ	ɿ	i	ɚ/ə	v/ʯ	u	Ø	v/ʯ	1784:2
706	t	1	²	³³	²²	²²	²²	²²	³³	³³	Ø	³³	1784:3
707	i	1	k	k	k	k	k	k	k	k	k	k	1794:0
708	n	1	o	o	u	o	o	o	õ	o	o	ou	1794:1
709	c	1	ŋ	ŋ	-	-	ŋ	ŋ	-	ŋ	ŋ	-	1794:2
710	t	1	¹	⁵⁵	⁵⁵	²⁴	⁵⁵	⁵⁵	⁵⁵	⁵⁵	⁵⁵	³⁵	1794:3
711	i	1	z	z	z	ts	z	z	s	z	z	z	1805:0
712	n	1	ɯ	i	i	ɿ	i	i	i	əɯ	i	ɯ	1805:1
713	t	1	³	²¹	⁴²	⁴³	⁴²	⁴²	³¹	²¹	²¹	⁴²	1805:2
714	i	1	s	s	s	s	s	s	s	s	s	s	1816:0
715	n	1	u	õ	y	u	ao	y	v/ʯ	ɯ	v/ʯ	i	1816:1
716	c	1	ŋ	-	-	-	-	-	-	-	-	-	1816:2
717	t	1	²	³³	²²	²²	²²	²²	³³	³³	³³	⁵⁵	1816:3
718	i	1	tɕ	tɕ	tɕ	tɕ	tɕ	tɕ	tɕ	tɕ	tɕ	tɕ	1829:0
719	m	1	-	i/j	-	-	i/j	-	i/j	-	i/j	ɨ/j	1829:1
720	n	1	e	e	i	ɨ/i	e	ĩ	e	e	e	ɛ	1829:2
721	c	1	n	n	-	-	n	-	n	n	n	-	1829:3
722	t	1	¹	³⁵	⁵⁵	²⁴	⁵⁵	⁵⁵	⁵⁵	⁵⁵	⁵⁵	³⁵	1829:4
723	i	1	d	Ø	Ø	d	dz	Ø	Ø	Ø	d	Ø	1841:0
724	m	1	r	Ø	Ø	i/j	-	Ø	Ø	Ø	i/j	Ø	1841:1
725	n	1	æ	Ø	Ø	æ	a	Ø	Ø	Ø	a	Ø	1841:2
726	c	1	n	Ø	Ø	-	n	Ø	Ø	Ø	ŋ	Ø	1841:3
727	t	1	¹	Ø	Ø	²¹	¹²	Ø	Ø	Ø	³⁵	Ø	1841:4
728	i	1	Ø	x	x	Ø	Ø	x	x	x	Ø	x	1840:0
729	n	1	Ø	u	o	Ø	Ø	o	u	ə	Ø	u	1840:1
730	t	1	Ø	³³	⁵⁵	Ø	Ø	²²	³³	³³	Ø	³³	1840:2
731	i	1	sʰ	sʰ	s	ɕ	s	s	s	s	s	s	1851:0
732	m	1	u/w	u/w	u/w	y/ɥ	u/w	-	u/w	u/w	u/w	u/w	1851:1
733	n	1	a	a	a	ᴇ/ɛ	a	õ	ɑ̃	a	a	a	1851:2
734	c	1	ŋ	ŋ	-	-	ŋ	-	-	ŋ	ŋ	-	1851:3
735	t	1	¹	⁵⁵	⁵⁵	²⁴	⁵⁵	⁵⁵	⁵⁵	⁵⁵	⁵⁵	⁵⁵	1851:4
736	i	1	ts	ʈʂ	ts	ts	ʈʂ	ʈʂ	ts	ts	ʈʂ	ts	1862:0
737	m	1	r	-	-	-	-	-	-	-	-	-	1862:1
738	n	1	i	i	ɛ	ɿ	i	i	i	i	i	i	1862:2
739	t	1	¹	⁵⁵	⁵⁵	²⁴	⁵⁵	⁵⁵	⁵⁵	⁵⁵	⁵⁵	³⁵	1862:3
740	i	1	tʰ	ʈʂʰ	Ø	Ø	tʰ	Ø	tsʰ	Ø	tʰ	Ø	1873:0
741	m	1	r	-	Ø	Ø	-	Ø	-	Ø	-	Ø	1873:1
742	n	1	e	e	Ø	Ø	i	Ø	e	Ø	i	Ø	1873:2
743	t	1	⁴	⁴⁴	Ø	Ø	²⁴	Ø	⁴⁴	Ø	⁴²	Ø	1873:3
744	m	1	Ø	j	j	j	j	j	Ø	Ø	j	Ø	1874:0
745	n	1	Ø	i	i	i	i	i	Ø	Ø	i	Ø	1874:1
746	t	1	Ø	³¹	⁴²	²¹	²¹	⁴²	Ø	Ø	⁴²	Ø	1874:2
747	i	1	qʰ	kʰ	qʰ	qʰ	qʰ	qʰ	kʰ	kʰ	qʰ	kʰ	1885:0
748	n	1	æ	ɚ/ə	a	æ	æ	a	a	ɚ/ə	a	ɛ	1885:1
749	t	1	⁴	⁴⁴	⁴⁴	⁵⁵	²⁴	⁵⁵	⁴⁴	⁴⁴	⁴²	⁴⁴	1885:2
750	i	1	ɕ	ɕ	Ø	Ø	Ø	Ø	ɕ	Ø	Ø	Ø	1896:0
751	n	1	a	a	Ø	Ø	Ø	Ø	ɔ	Ø	Ø	Ø	1896:1
752	t	1	-	⁴⁴	Ø	Ø	Ø	Ø	⁴⁴	Ø	Ø	Ø	1896:2
753	i	1	Ø	Ø	t	t	d	ʈ	Ø	t	d	t	1897:0
754	m	1	Ø	Ø	-	i/j	-	-	Ø	-	i/j	-	1897:1
755	n	1	Ø	Ø	i	ɯ	i	e	Ø	ɛ	ɯ	ɯ	1897:2
756	t	1	Ø	Ø	²¹	²¹	²⁴	²¹	Ø	²¹	³⁵	²¹	1897:3
757	i	1	Ø	Ø	m	m	m	m	Ø	m	m	m	1898:0
758	m	1	Ø	Ø	-	i	i/j	-	Ø	-	-	-	1898:1
759	n	1	Ø	Ø	i	ᴇ/ɛ	ɛ	e	Ø	ɛ	e	a	1898:2
760	t	1	Ø	Ø	⁵⁵	²⁴	¹²	⁵⁵	Ø	-	⁵⁵	³⁵	1898:3
761	i	1	sʰ	ʂʰ	ɕ	ɕ	ʂ	ɕ	s	s	ɕ	s	1914:0
762	m	1	r	-	-	i/j	-	-	-	-	i/j	-	1914:1
763	n	1	ɯ	ɯ	i	ɯ	i	i	ɯ	əɯ	ɯ	ɯ	1914:2
764	t	1	²	³³	²²	²²	²²	²²	³³	³³	³³	³³	1914:3
765	i	1	dʑ	ts	dʑ	dʑ	dz	dʑ	ts	dz	Ø	ts	1925:0
766	n	1	ɯ	ɯ	i	ɯ	i	i	i	əɯ	Ø	ɯ	1925:1
767	t	1	²	³³	²²	²²	²²	²²	³³	³³	Ø	³³	1925:2
768	i	1	p	p	p	p	p	p	p	p	p	p	1936:0
769	n	1	ɯ	u	ɯ	ɯ	u	u	u	əɯ	ɯ	u	1936:1
770	t	1	²	³³	²²	²²	³³	²²	³³	³³	³³	³³	1936:2
771	i	1	b	p	b	Ø	b	b	Ø	Ø	b	p	1947:0
772	n	1	ɔ	u	o	Ø	a	o	Ø	Ø	o	o	1947:1
773	t	1	³	³¹	⁴²	Ø	⁴²	⁴²	Ø	Ø	²¹	³¹	1947:2
774	i	1	d	t	tɕ	t	d	ʈ	t	t	d	t	1958:0
775	m	1	j	-	-	i	-	-	-	-	i/j	-	1958:1
776	n	1	ɯ	i	u	u	i	o	ə	a	ɯ	ɯ	1958:2
777	t	1	¹	⁴²	²²	²¹	²¹	²²	³¹	⁴²	³⁵	³¹	1958:3
778	i	1	s	ɕ	s	s	ɕ	s	ɕ	ɕ	ɕ	ɕ	1969:0
779	m	1	j	i/j	-	-	-	-	i/j	-	i/j	-	1969:1
780	n	1	e	e	ɛ	i	i	ẽ	e	e	e	i	1969:2
781	c	1	n	n	-	-	n	-	n	n	n	-	1969:3
782	t	1	¹	⁵⁵	⁵⁵	²⁴	⁵⁵	⁵⁵	⁵⁵	⁵⁵	⁵⁵	³⁵	1969:4
783	i	1	ʔ	-	ʔ	Ø	u/w	u/w	ʔ	ŋ	u/w	u/w	1980:0
784	m	1	u/w	w	u/w	Ø	-	-	u/w	u/w	-	-	1980:1
785	n	1	e	e	ɛ̃	Ø	e	ẽ	e	ɛ	e	ɛ	1980:2
786	c	1	n	n	-	Ø	n	-	n	-	n	-	1980:3
787	t	1	¹	³⁵	⁵⁵	Ø	²²	⁵⁵	⁵⁵	⁵⁵	⁵⁵	³⁵	1980:4
788	i	1	ɖʐ	ʈʂ	dʑ	ɖʐ	dz	dʑ	ts	ts	ʐ	ts	1991:0
789	n	1	u	õ	o	o	o	õ	ṽ/ʯ̃	õ	v/ʯ	v/ʯ	1991:1
790	c	1	ŋ	-	-	-	ŋ	-	-	-	ŋ	-	1991:2
791	t	1	²	³³	²²	²²	²²	²²	³³	²¹	³³	³³	1991:3
792	i	1	ɣ	Ø	Ø	q	ɣ	q	Ø	k	Ø	k	2002:0
793	n	1	æ	Ø	Ø	a	a	a	Ø	e	Ø	a	2002:1
794	c	1	-	Ø	Ø	-	-	-	Ø	n	Ø	-	2002:2
795	t	1	¹	Ø	Ø	²¹	¹²	²¹	Ø	²¹	Ø	²¹	2002:3
796	i	1	s	s	Ø	s	s	Ø	s	s	s	Ø	2010:0
797	n	1	i	i	Ø	i	i	Ø	i	i	i	Ø	2010:1
798	t	1	²	³³	Ø	³³	³³	Ø	³³	³³	³³	Ø	2010:2
799	i	1	dz	ts	ts	ts	dz	ts	ts	ts	z	ts	2018:0
800	n	1	o	o	u	o	o	õ	õ	o	o	ou	2018:1
801	c	1	ŋ	ŋ	-	-	ŋ	-	-	ŋ	ŋ	-	2018:2
802	t	1	¹	²¹	²¹	²¹	¹²	⁴²	²¹	²¹	³⁵	²¹	2018:3
803	i	1	b	b	b	b	b	b	p	p	b	b	2040:0
804	m	1	-	-	-	-	-	-	-	i/j	-	-	2040:1
805	n	1	o	au	o	o	õ	o	ao	o	o	o	2040:2
806	c	1	ŋ	-	-	-	-	-	-	-	ŋ	-	2040:3
807	t	1	²	³³	²²	²²	²²	²²	³¹	⁴⁴	³³	³³	2040:4
808	i	1	ɖʐ	ʈʂ	tɕ	tɕ	dz	tɕ	ts	dz	ʐ	ts	2051:0
809	n	1	u	o	u	o	ao	u	ṽ/ʯ̃	u	v/ʯ	v/ʯ	2051:1
810	c	1	ŋ	-	-	-	-	-	-	-	ŋ	-	2051:2
811	t	1	¹	²¹	²¹	²¹	¹²	²¹	²¹	²¹	³⁵	²¹	2051:3
812	i	1	b	Ø	p	p	b	p	Ø	Ø	b	p	2062:0
813	n	1	ã	Ø	u	o	ao	õ	Ø	Ø	o	a	2062:1
814	t	1	¹	Ø	²¹	²¹	¹²	²¹	Ø	Ø	³⁵	²¹	2062:2
815	i	1	ts	ts	ts	d	ts	ts	ts	ts	tʲʰ	ts	2064:0
816	n	1	i	i	i	a	i	i	i	i	o	i	2064:1
817	t	1	²	³³	²²	⁴³	²²	²	³³	³³	²¹	⁴⁴	2064:2
818	i	1	q	k	q	q	q	q	k	k	q	k	2074:0
819	n	1	ɔ	o	o	o	ao	o	v/ʯ	o	o	v/ʯ	2074:1
820	c	1	-	-	-	-	-	-	-	ŋ	-	-	2074:2
821	t	1	⁴	⁴⁴	⁴⁴	⁵⁵	²⁴	⁵⁵	⁴⁴	⁴⁴	⁴²	⁴⁴	2074:3
822	i	1	m	m	m	m	m	m	m	m	m	m	2085:0
823	n	1	æ	ɚ/ə	a	æ	æ	o	a	ɚ/ə	a	ɛ	2085:1
824	c	1	-	-	-	-	-	-	n	-	-	-	2085:2
825	t	1	²	³³	²²	²²	²²	²²	³³	³³	³³	³³	2085:3
826	i	1	n	-	ɲ	ɲ	ɲ	ɲ	-	ɲ	-	ɲ	2096:0
827	m	1	j	j	-	-	-	-	j	i/j	j	i/j	2096:1
828	n	1	e	e	i	i	i	i	ẽ	ɛ	e	e	2096:2
829	c	1	-	n	-	-	-	-	-	-	n	-	2096:3
830	t	1	⁴	⁴⁴	⁴⁴	⁵⁵	²⁴	⁴⁴	⁴⁴	⁴⁴	⁴²	⁴⁴	2096:4
831	i	1	h	Ø	Ø	Ø	h	Ø	Ø	Ø	h	h	2108:0
832	n	1	ɔ	Ø	Ø	Ø	a	Ø	Ø	Ø	ɔ	o	2108:1
833	t	1	³	Ø	Ø	Ø	⁴²	Ø	Ø	Ø	²¹	³¹	2108:2
834	i	1	Ø	x	x	x	Ø	x	x	x	Ø	Ø	2107:0
835	n	1	Ø	ou	o	o	Ø	o	ou	o	Ø	Ø	2107:1
836	t	1	Ø	³¹	⁴²	⁴³	Ø	⁴²	³¹	²¹	Ø	Ø	2107:2
837	i	1	b	p	p	b	b	b	p	b	b	p	2118:0
838	n	1	ɯ	u	ɯ	ɯ	u	u	u	ɯ	ɯ	o	2118:1
839	t	1	²	³³	²²	²²	²²	²²	³³	³³	³³	⁵⁵	2118:2
840	i	1	p	p	p	p	p	p	p	p	p	p	2130:0
841	n	1	æ	ɚ/ə	a	æ	æ	a	a	ɚ/ə	a	ə	2130:1
842	t	1	⁴	⁴⁴	⁴⁴	⁵⁵	²⁴	⁵⁵	⁴⁴	⁴⁴	⁴²	⁴⁴	2130:2
843	i	1	sʰ	ʂ	ɕ	ɕ	s	ɕ	s	ɕ	ɕ	Ø	2141:0
844	m	1	r	-	i/j	i/j	-	i	-	y/ɥ	i/j	Ø	2141:1
845	n	1	o	ou	o	o	o	õ	ou	ɛ	o	Ø	2141:2
846	c	1	ŋ	-	ŋ	-	ŋ	-	-	-	ŋ	Ø	2141:3
847	t	1	¹	⁵⁵	⁵⁵	²⁴	⁵⁵	⁵⁵	⁵⁵	⁴⁴	⁵⁵	Ø	2141:4
848	i	1	Ø	pʰ	Ø	p	Ø	Ø	pʰ	pʰ	Ø	-	2143:0
849	m	1	Ø	i/j	Ø	-	Ø	Ø	i/j	i/j	Ø	j	2143:1
850	n	1	Ø	ɚ/ə	Ø	æ	Ø	Ø	ɛ	e	Ø	ɯ	2143:2
851	c	1	Ø	-	Ø	-	Ø	Ø	-	n	Ø	-	2143:3
852	t	1	Ø	⁵⁵	Ø	²²	Ø	Ø	⁵⁵	³³	Ø	²¹	2143:4
853	i	1	b	Ø	p	b	b	p	Ø	p	b	p	2163:0
854	n	1	ɯ	Ø	u	ɯ	u	ɯ	Ø	ə	ɯ	ɯ	2163:1
855	t	1	¹	Ø	²¹	²¹	¹²	²¹	Ø	²¹	³⁵	²¹	2163:2
856	i	1	d	ʈʂ	dz	t	Ø	ʈ	ts	ts	d	ts	2174:0
857	m	1	r	-	ɨ/j	i/j	Ø	-	-	-	-	-	2174:1
858	n	1	o	o	ɯ	o	Ø	õ	õ	o	v/ʯ	ou	2174:2
859	c	1	ŋ	ŋ	-	-	Ø	-	-	ŋ	-	-	2174:3
860	t	1	¹	²¹	²¹	²¹	Ø	²¹	²¹	²¹	³⁵	²¹	2174:4
861	i	1	tʰ	tʰ	tɕʰ	tɕʰ	tɕʰ	tɕʰ	tʰ	tʰ	tɕʰ	tʰ	2184:0
862	n	1	e	e	i	i	i	i	e	ɛ	i	ɛ	2184:1
863	t	1	⁴	⁴⁴	⁵⁵	⁵⁵	²⁴	⁵⁵	⁴⁴	⁴⁴	⁴²	³³	2184:2
864	i	1	ŋ	Ø	ŋ	ŋ	u/w	u/w	Ø	v	Ø	u/w	2195:0
865	m	1	u/w	Ø	u/w	u/w	-	-	Ø	-	Ø	-	2195:1
866	n	1	e	Ø	ɛ	i	e	ẽ	Ø	e	Ø	e	2195:2
867	c	1	n	Ø	-	-	n	-	Ø	n	Ø	-	2195:3
868	t	1	1b/¹	Ø	²¹	²¹	¹²	²¹	Ø	²¹	Ø	²¹	2195:4
869	i	1	b	Ø	u/w	f	b	u/w	v	k	v	Ø	2207:0
870	m	1	j	Ø	-	-	v	-	-	u/w	-	Ø	2207:1
871	n	1	ɛ	Ø	i	ᴇ/ɛ	u	e	u	a	ɚ/ə	Ø	2207:2
872	t	1	⁴	Ø	⁴²	²¹	²¹	²¹	⁴²	⁴²	⁴²	Ø	2207:3
873	i	1	Ø	x	qʰ	Ø	Ø	Ø	Ø	ts	Ø	Ø	2205:0
874	n	1	Ø	u	o	Ø	Ø	Ø	Ø	i	Ø	Ø	2205:1
875	t	1	Ø	⁴²	²²	Ø	Ø	Ø	Ø	³³	Ø	Ø	2205:2
876	i	1	Ø	ʈʂʰ	ts	Ø	dz	s	ts	tsʰ	Ø	ts	2218:0
877	n	1	Ø	ou	ɛ	Ø	u	o	ou	o	Ø	ou	2218:1
878	t	1	Ø	⁴²	⁴⁴	Ø	²¹	²²	⁴²	⁴²	Ø	⁴²	2218:2
879	i	1	Ø	k	ts	dz	ʈʂ	tɕ	k	tɕ	ʐ	k	2231:0
880	n	1	Ø	o	u	ɿ	i	ĩ	v/ʯ	u	ɚ/ə̃	v/ʯ	2231:1
881	t	1	Ø	²¹	²¹	⁴³	⁴²	²¹	³¹	²¹	²¹	³¹	2231:2
882	i	1	d	ʈʂ	tɕ	t	ts	ʈ	ts	tsʰ	t	ts	2245:0
883	m	1	r	-	i/j	i	-	-	-	-	i	-	2245:1
884	n	1	o	ou	o	u	u	o	o	o	u	o	2245:2
885	t	1	⁴	⁴²	²¹	²¹	²¹	²¹	⁴²	⁴²	⁴²	⁴²	2245:3
886	i	1	ɣ	x	Ø	q	q	Ø	k	x	Ø	k	2256:0
887	n	1	ɔ	u	Ø	o	ao	Ø	ou	e	Ø	o	2256:1
888	t	1	¹	⁴²	Ø	²¹	¹²	Ø	²¹	²¹	Ø	²¹	2256:2
889	i	1	Ø	Ø	b	Ø	Ø	b	Ø	p	Ø	p	3624:0
890	n	1	Ø	Ø	ɯ	Ø	Ø	ɯ̃	Ø	e	Ø	ɛ	3624:1
891	c	1	Ø	Ø	-	Ø	Ø	-	Ø	n	Ø	-	3624:2
892	t	1	Ø	Ø	²²	Ø	Ø	²²	Ø	³³	Ø	²¹	3624:3
893	i	1	m	m	m	m	m	m	m	m	m	m	2269:0
894	n	1	ɛ	e	ɛ	ᴇ/ɛ	e	e	e	e	ɛ	e	2269:1
895	c	1	-	-	-	-	n	-	-	-	-	-	2269:2
896	t	1	²	³³	²²	²²	²²	²²	³³	³³	³³	³³	2269:3
897	i	1	sʰ	ɕʰ	s	s	s	s	s	s	s	s	2280:0
898	n	1	ɔ	i	y	u	u	u	ou	əɯ	ɔ	o	2280:1
899	t	1	³	³¹	⁴²	⁴³	⁴²	⁴²	³¹	²¹	²¹	³¹	2280:2
900	i	1	s	ɕ	s	s	s	s	s	s	s	s	2291:0
901	m	1	-	i/j	-	-	-	-	-	-	-	-	2291:1
902	n	1	e	e	ɛ	ᴇ/ɛ	e	ɚ/ə̃	e	e	e	e	2291:2
903	c	1	n	n	-	-	n	-	n	n	n	-	2291:3
904	t	1	⁵	⁴²	⁴²	⁴³	⁴²	⁴²	⁴²	⁴²	²¹	⁴²	2291:4
905	i	1	qʰ	k	dʑ	qʰ	Ø	Ø	kʰ	kʰ	qʰ	k	2303:0
906	m	1	-	u/w	-	-	Ø	Ø	-	-	-	-	2303:1
907	n	1	ɔ	o	i	o	Ø	Ø	ou	o	ɔ	o	2303:2
908	t	1	²	³³	⁴²	⁵⁵	Ø	Ø	³³	³³	³³	³³	2303:3
909	i	1	ts	tɕ	ts	ts	tɕ	ts	tɕ	tɕ	tɕ	tɕ	2316:0
910	m	1	j	-	-	-	-	-	-	-	-	-	2316:1
911	n	1	i	i	i	i	i	i	i	i	i	i	2316:2
912	t	1	⁴	⁴⁴	⁴⁴	⁵⁵	⁴²	⁵⁵	⁴⁴	⁴⁴	⁴²	⁴⁴	2316:3
913	i	1	p	p	pʰ	Ø	Ø	Ø	p	p	Ø	p	2327:0
914	m	1	r	i	-	Ø	Ø	Ø	-	-	Ø	-	2327:1
915	n	1	i	ə	o	Ø	Ø	Ø	i	i	Ø	i	2327:2
916	t	1	¹	³⁵	⁵⁵	Ø	Ø	Ø	⁵⁵	⁵⁵	Ø	³⁵	2327:3
917	i	1	Ø	Ø	tɕ	ts	Ø	tɕ	Ø	Ø	tɕ	Ø	2329:0
918	m	1	Ø	Ø	-	u	Ø	y/ɥ	Ø	Ø	-	Ø	2329:1
919	n	1	Ø	Ø	o	ᴇ/ɛ	Ø	ẽ	Ø	Ø	y	Ø	2329:2
920	t	1	Ø	Ø	⁴⁴	²⁴	Ø	⁵⁵	Ø	Ø	⁵⁵	Ø	2329:3
921	i	1	qʰ	k	qʰ	qʰ	qʰ	k	k	kʰ	qʰ	k	2342:0
922	m	1	u/w	-	u/w	u/w	u/w	-	-	u/w	u/w	-	2342:1
923	n	1	æ	ou	a	æ	æ	o	ou	ɚ	a	o	2342:2
924	t	1	³	⁴⁴	⁴²	⁴³	⁴²	⁴⁴	⁴⁴	²¹	²¹	⁴⁴	2342:3
925	i	1	b	p	Ø	p	p	p	p	p	Ø	p	2355:0
926	m	1	-	-	Ø	i/j	-	i/j	-	-	Ø	-	2355:1
927	n	1	a	ã	Ø	ɛ	i	e	ɑ̃	a	Ø	a	2355:2
928	c	1	ŋ	-	Ø	-	-	-	-	ŋ	Ø	-	2355:3
929	t	1	⁴	⁴²	Ø	⁴³	⁴²	⁴²	⁴²	⁴²	Ø	⁵³	2355:4
930	i	1	ɖʐ	ʈʂ	ts	dz	ɖʐ	ʐ	ts	dz	ʐ	ts	2364:0
931	n	1	i	i	ɛ	ɿ	i	ɚ/ə̃	i	i	i	i	2364:1
932	t	1	²	³³	²²	²²	²²	²²	³³	³³	³³	³³	2364:2
933	i	1	b	p	Ø	p	Ø	Ø	p	pʰ	Ø	p	2375:0
934	m	1	r	i/j	Ø	i/j	Ø	Ø	i/j	i/j	Ø	i/j	2375:1
935	n	1	æ	a	Ø	a	Ø	Ø	o	a	Ø	a	2375:2
936	t	1	⁴	⁴²	Ø	²¹	Ø	Ø	⁴²	⁴²	Ø	⁴²	2375:3
937	i	1	l	Ø	l	l	l	l	l	Ø	l	l	2379:0
938	n	1	a	Ø	o	o	ao	o	ɑ	Ø	ɔ	a	2379:1
939	t	1	1a/¹	Ø	⁵⁵	²⁴	¹²	⁵⁵	⁵⁵	Ø	⁵⁵	³⁵	2379:2
940	i	1	tʰ	ʈʂʰ	tɕʰ	tʰ	tsʰ	ʈʰ	tsʰ	tsʰ	tʰ	tsʰ	2395:0
941	m	1	-	-	-	i/j	-	-	-	-	i/j	-	2395:1
942	n	1	æ	ɚ/ə̃	a	æ	a	ã	a	ɚ/ə	a	ɛ	2395:2
943	c	1	n	-	-	-	n	-	n	-	ŋ	-	2395:3
944	t	1	¹	⁵⁵	⁵⁵	²⁴	⁵⁵	⁵⁵	⁵⁵	⁵⁵	⁵⁵	⁵⁵	2395:4
945	i	1	tɕʰ	tɕʰ	tɕʰ	tɕʰ	tɕʰ	tɕʰ	tɕʰ	tɕʰ	tɕʰ	tɕʰ	2406:0
946	m	1	-	i/j	i/j	i/j	i/j	i	i/j	-	i/j	i/j	2406:1
947	n	1	æ	ɚ̃/ə̃	a	æ	a	ã	a	ɚ/ə̃	a	ɛ	2406:2
948	c	1	-	-	-	-	n	-	n	-	ŋ	-	2406:3
949	t	1	¹	⁵⁵	⁵⁵	²⁴	⁵⁵	⁵⁵	⁵⁵	⁵⁵	⁵⁵	⁵⁵	2406:4
950	i	1	k	k	k	k	k	k	k	k	k	k	2417:0
951	n	1	o	o	v/ʯ	u	ao	v/ʯ	v/ʯ	v/ʯ	y	v/ʯ	2417:1
952	t	1	⁵	⁴²	⁴²	⁴³	⁴²	⁴²	⁴²	⁴²	²¹	⁴²	2417:2
953	i	1	q	k	q	q	q	q	k	k	q	k	2428:0
954	n	1	a	ã	o	a	a	ã	ɑ	a	ɔ	a	2428:1
955	c	1	ŋ	-	-	-	ŋ	-	-	ŋ	ŋ	-	2428:2
956	t	1	¹	³⁵	⁵⁵	²⁴	⁵⁵	⁵⁵	⁵⁵	⁵⁵	⁵⁵	³⁵	2428:3
957	i	1	s	s	s	s	s	s	ts	tsʰ	s	s	2439:0
958	n	1	ɔ	u	o	o	u	o	ou	o	ɔ	o	2439:1
959	t	1	²	³³	²²	²²	²²	²²	⁴²	⁵⁵	³³	³³	2439:2
960	i	1	d	ʈʂ	tɕ	tʲ	dʑ	ʈ	ts	ts	d	ts	2450:0
961	m	1	r	-	-	-	-	-	-	-	-	-	2450:1
962	n	1	o	õ	u	o	ou	õ	õ	o	v/ʯ	ou	2450:2
963	c	1	ŋ	-	-	-	-	-	-	ŋ	-	-	2450:3
964	t	1	¹	²¹	²¹	²¹	¹²	²¹	²¹	²¹	³⁵	²¹	2450:4
965	i	1	Ø	ʂ	ɣ	tsʰ	ʈʂ	ʈʂ	tsʰ	ɕ	ʈʂʰ	tsʰ	2461:0
966	n	1	Ø	o	o	ɿ	i	ɚ/ə	i	y	ɚ/ə̃	i	2461:1
967	t	1	Ø	³⁵	²¹	²⁴	²²	⁵⁵	⁵⁵	⁵⁵	⁵⁵	⁵⁵	2461:2
968	i	1	m	m	Ø	m	m	m	m	m	m	Ø	2474:0
969	n	1	æ	ɚ/ə	Ø	æ	æ	a	a	ɚ/ə̃	a	Ø	2474:1
970	c	1	-	-	Ø	-	-	-	n	-	-	Ø	2474:2
971	t	1	1b/¹	²¹	Ø	¹²	¹²	²¹	²¹	²¹	³⁵	Ø	2474:3
972	i	1	ɕ	ɕ	ɕ	ɕ	ɕ	ɕ	ɕ	ɕ	ɕ	ɕ	2484:0
973	m	1	-	-	-	-	-	-	-	-	-	i/j	2484:1
974	n	1	i	i	i	i	i	i	i	i	i	e	2484:2
975	t	1	⁴	³³	⁴⁴	⁵⁵	²⁴	⁵⁵	⁴⁴	⁴⁴	⁴²	⁴⁴	2484:3
976	i	1	g	k	k	k	g	k	k	k	g	k	2495:0
977	n	1	ɔ	u	o	o	ao	o	ou	o	ɔ	o	2495:1
978	t	1	¹	²¹	²¹	²¹	112/¹²	²¹	²¹	²¹	³⁵	²¹	2495:2
979	i	1	b	p	Ø	Ø	Ø	Ø	p	p	Ø	p	2506:0
980	m	1	r	-	Ø	Ø	Ø	Ø	-	-	Ø	-	2506:1
981	n	1	i	i	Ø	Ø	Ø	Ø	i	i	Ø	i	2506:2
982	t	1	²	³³	Ø	Ø	Ø	Ø	³³	³³	Ø	³³	2506:3
983	i	1	Ø	Ø	dʑ	dz	dʑ	dʑ	Ø	Ø	ʑ	Ø	4489:0
984	m	1	Ø	Ø	y/ɥ	y/ɥ	-	y/ɥ	Ø	Ø	y/ɥ	Ø	4489:1
985	n	1	Ø	Ø	i	ᴇ/ɛ	y	ẽ	Ø	Ø	i	Ø	4489:2
986	t	1	Ø	Ø	²²	²²	²²	²²	Ø	Ø	³³	Ø	4489:3
987	i	1	ʔ	u/w	ʔ	Ø	u/w	u/w	ʔ	m	u/w	u/w	2517:0
988	m	1	u/w	-	u/w	Ø	-	-	u/w	-	-	-	2517:1
989	n	1	e	e	ɛ̃	Ø	e	ẽ	e	e	e	ɛ	2517:2
990	c	1	n	n	-	Ø	n	-	n	n	n	-	2517:3
991	t	1	¹	³⁵	⁵⁵	Ø	²²	²²	⁵⁵	³³	⁵⁵	³⁵	2517:4
992	i	1	pʰ	Ø	Ø	pʰ	Ø	Ø	pʰ	pʰ	Ø	pʰ	2531:0
993	m	1	r	Ø	Ø	i/j	Ø	Ø	i/j	i/j	Ø	i/j	2531:1
994	n	1	a	Ø	Ø	a	Ø	Ø	o	o	Ø	a	2531:2
995	t	1	⁴	Ø	Ø	⁵⁵	Ø	Ø	⁴⁴	⁴⁴	Ø	⁴⁴	2531:3
996	i	1	ɖʐ	ʈʂ	tɕ	tɕ	dz	tɕ	ts	z	ʐ	ts	2540:0
997	m	1	-	-	i	i/j	-	i	-	-	-	-	2540:1
998	n	1	o	o	u	o	ao	u	ṽ/ʯ̃	e	y	v/ʯ	2540:2
999	c	1	-	-	-	-	-	-	-	n	-	-	2540:3
1000	t	1	¹	²¹	²¹	²¹	¹²	²¹	²¹	²¹	³⁵	²¹	2540:4
1001	i	1	tʲ	tɕ	t	t	t	t	tɕ	t	tɕ	tɕ	2565:0
1002	m	1	-	-	-	-	-	-	-	-	i/j	-	2565:1
1003	n	1	ɯ	i	i	i	i	i	i	i	ɯ	i	2565:2
1004	t	1	¹	³⁵	⁵⁵	²⁴	⁵⁵	⁵⁵	⁵⁵	⁵⁵	⁵⁵	³⁵	2565:3
1005	i	1	m	m	m	m	m	m	m	Ø	m	m	2576:0
1006	n	1	æ	ɚ/ə	i	ᴇ/ɛ	æ	o	a	Ø	a	ɛ	2576:1
1007	c	1	-	-	-	-	-	-	n	Ø	-	-	2576:2
1008	t	1	²	³³	²¹	²²	²²	²²	³³	Ø	³³	³³	2576:3
1009	i	1	m	m	Ø	m	m	m	m	Ø	m	Ø	2577:0
1010	n	1	ø	õ	Ø	o	u	o	õ	Ø	o	Ø	2577:1
1011	t	1	²	³³	Ø	²²	²²	²²	³³	Ø	³³	Ø	2577:2
1012	i	1	ɕ	Ø	Ø	ɕ	ɕ	Ø	ɕ	Ø	ɕ	ts	2578:0
1013	m	1	-	Ø	Ø	i/j	i/j	Ø	-	Ø	i/j	-	2578:1
1014	n	1	a	Ø	Ø	a	a	Ø	ɑ	Ø	a	ou	2578:2
1015	t	1	⁴	Ø	Ø	⁵⁵	²⁴	Ø	⁴⁴	Ø	⁴²	³⁵	2578:3
1016	i	1	ɣ	k	q	q	ɣ	q	k	k	Ø	k	2600:0
1017	n	1	æ	ɚ/ə	a	æ	æ	a	a	ɚ/ə	Ø	ɛ	2600:1
1018	t	1	¹	²¹	²¹	²¹	¹²	²¹	²¹	²¹	Ø	²¹	2600:2
1019	m	1	j	j	j	j	j	j	j	j	j	j	2611:0
1020	n	1	ɔ	ou	u	u	u	o	ou	o	ɔ	ou	2611:1
1021	t	1	⁴	⁴⁴	⁴⁴	⁵⁵	⁴²	⁵⁵	⁴⁴	⁴⁴	⁴²	⁴⁴	2611:2
1022	i	1	s	s	s	ɕ	ɕ	s	s	Ø	s	s	2622:0
1023	m	1	u/w	u/w	u/w	y/ɥ	y/ɥ	-	u/w	Ø	-	u/w	2622:1
1024	n	1	a	ã	a	ᴇ/ɛ	e	õ	ɑ̃	Ø	ɔ	a	2622:2
1025	c	1	ŋ	-	-	-	n	-	-	Ø	ŋ	-	2622:3
1026	t	1	¹	³⁵	⁵⁵	²⁴	⁵⁵	⁵⁵	⁵⁵	Ø	⁵⁵	³⁵	2622:4
1027	i	1	ŋ	u/w	ŋ	u/w	u/w	u/w	u/w	ŋ	ŋ	u/w	2632:0
1028	m	1	u/w	-	u/w	-	-	-	-	u/w	u/w	-	2632:1
1029	n	1	a	a	a	a	a	a	ɑ̃	a	ɔ	a	2632:2
1030	c	1	-	ŋ	-	-	ŋ	ŋ	-	-	-	-	2632:3
1031	t	1	⁴	³³	⁴⁴	⁵⁵	²⁴	⁵⁵	⁴⁴	⁴⁴	⁴²	⁴⁴	2632:4
1032	i	1	m	m	ɲ	m	Ø	ɲ	m	Ø	Ø	m	2643:0
1033	m	1	j	-	i/j	i	Ø	i/j	-	Ø	Ø	-	2643:1
1034	n	1	i	i	a	ᴇ/ɛ	Ø	o	i	Ø	Ø	i	2643:2
1035	t	1	1a/¹	⁵⁵	⁵⁵	²⁴	Ø	⁵⁵	⁵⁵	Ø	Ø	³⁵	2643:3
1036	i	1	ŋ	u/w	ŋ	u/w	u/w	ŋ	u/w	ŋ	u/w	u/w	2644:0
1037	m	1	u/w	-	u/w	-	-	-	-	u/w	-	-	2644:1
1038	n	1	a	ã	a	a	a	õ	ɑ̃	a	o	a	2644:2
1039	c	1	-	-	-	-	ŋ	-	-	-	-	-	2644:3
1040	t	1	4/⁴	⁵⁵	⁴⁴	⁵⁵	⁵⁵	⁵⁵	⁵⁵	⁴⁴	⁴²	⁴⁴	2644:4
1041	i	1	m	m	Ø	m	m	m	m	m	m	m	2664:0
1042	n	1	ɯ	õ	Ø	ɯ	o	o	ə̃	o	ɯ	ɯ	2664:1
1043	c	1	-	-	Ø	-	ŋ	-	-	-	-	-	2664:2
1044	t	1	⁴	⁴⁴	Ø	⁵⁵	²⁴	⁵⁵	⁴⁴	⁴⁴	⁴²	⁴⁴	2664:3
1045	i	1	m	m	m	m	m	m	m	m	m	m	2674:0
1046	n	1	ø	ou	o	o	u	o	õ	o	o	o	2674:1
1047	c	1	-	-	-	-	-	-	-	ŋ	-	-	2674:2
1048	t	1	²	³³	²²	²²	²²	²²	³³	³³	³³	³³	2674:3
1049	i	1	s	ʂ	s	ɕ	s	ʂ	s	s	ɕ	s	2685:0
1050	m	1	r	-	-	i/j	-	-	-	-	i/j	-	2685:1
1051	n	1	o	o	ɛ	o	ao	ɚ/ə̃	ṽ/ʯ̃	e	e	v/ʯ	2685:2
1052	c	1	-	-	-	-	-	-	-	n	n	-	2685:3
1053	t	1	⁴	⁴²	⁵⁵	⁴³	⁴²	⁵⁵	⁴²	⁵⁵	⁵⁵	⁵³	2685:4
1054	i	1	s	ʂ	ɕ	ɕ	s	ɕ	s	s	ʂ	s	2698:0
1055	m	1	r	-	-	-	-	-	-	-	-	-	2698:1
1056	n	1	o	o	y	u	ao	u	v/ʯ	ou	v/ʯ	v/ʯ	2698:2
1057	t	1	²	³³	²²	²²	²²	²²	³³	³³	³³	³³	2698:3
1058	i	1	n	n	n	n	n	n	n	n	n	n	3921:0
1059	n	1	ɛ	e	ɛ	ᴇ/ɛ	ɛ	e	i	e	ɛ	e	3921:1
1060	t	1	1b/¹	⁴²	²¹	²¹	²⁴	²¹	³¹	⁴²	³⁵	²¹	3921:2
1061	i	1	ɖʐ	ts	tɕ	tɕ	dz	tɕ	ts	tsʰ	ʐ	ts	2720:0
1062	m	1	-	-	i	i/j	-	i	-	-	-	-	2720:1
1063	n	1	u	o	u	o	ao	u	ṽ/ʯ̃	v/ʯ	v/ʯ	ɯ	2720:2
1064	c	1	ŋ	-	-	-	-	-	-	-	-	-	2720:3
1065	t	1	⁴	⁴²	²¹	²¹	²¹	²¹	⁴²	⁴²	⁴²	⁴²	2720:4
1066	i	1	b	Ø	-	v	b	u/w	Ø	Ø	v	Ø	2731:0
1067	m	1	j	Ø	w	-	v	-	Ø	Ø	-	Ø	2731:1
1068	n	1	o	Ø	a	o	u	o	Ø	Ø	ɚ/ə	Ø	2731:2
1069	t	1	⁴	Ø	⁴²	²¹	²¹	²¹	Ø	Ø	⁴²	Ø	2731:3
1070	i	1	s	tɕʰ	s	ɕ	ʂ	ʂ	s	s	ʂ	s	2740:0
1071	m	1	r	-	-	i/j	-	-	-	-	-	-	2740:1
1072	n	1	e	ɚ/ə	ɛ	æ	ẽ	ɚ/ə̃	a	e	ɚ/ə̃	ɛ	2740:2
1073	c	1	ŋ	-	-	-	-	-	n	n	-	-	2740:3
1074	t	1	²	⁵⁵	²²	-	²²	²²	³³	³³	³³	³³	2740:4
1075	m	1	Ø	Ø	j	j	j	j	j	j	j	j	2754:0
1076	n	1	Ø	Ø	i	i	e	i	i	i	i	i	2754:1
1077	c	1	Ø	Ø	-	-	n	-	-	-	-	-	2754:2
1078	t	1	Ø	Ø	⁴²	²¹	⁴²	²¹	³¹	²¹	²¹	³¹	2754:3
1079	i	1	Ø	Ø	ɕ	ɕ	ɕ	Ø	Ø	ɕ	ɕ	ɕ	2755:0
1080	m	1	Ø	Ø	i/j	i/j	i/j	Ø	Ø	i/j	i/j	i/j	2755:1
1081	n	1	Ø	Ø	o	o	o	Ø	Ø	o	o	ou	2755:2
1082	c	1	Ø	Ø	-	-	ŋ	Ø	Ø	ŋ	ŋ	-	2755:3
1083	t	1	Ø	Ø	⁵⁵	²⁴	⁵⁵	Ø	Ø	⁵⁵	⁵⁵	³⁵	2755:4
1084	i	1	Ø	ɕ	Ø	Ø	Ø	ɕ	ɕ	Ø	Ø	Ø	2753:0
1085	m	1	Ø	i	Ø	Ø	Ø	i	i	Ø	Ø	Ø	2753:1
1086	n	1	Ø	õ	Ø	Ø	Ø	õ	õ	Ø	Ø	Ø	2753:2
1087	t	1	Ø	³⁵	Ø	Ø	Ø	⁵⁵	⁵⁵	Ø	Ø	Ø	2753:3
1088	i	1	sʰ	ʂ	ɕ	t	ʈʂ	Ø	s	s	ɕ	s	2771:0
1089	m	1	r	-	-	i/j	-	Ø	-	-	i/j	-	2771:1
1090	n	1	ɯ	ɯ	i	ɯ	i	Ø	ɯ	əɯ	ɯ	ɯ	2771:2
1091	t	1	²	³³	²²	²¹	²⁴	Ø	³³	³³	³³	³³	2771:3
1092	i	1	q	k	q	q	q	q	k	k	q	k	2772:0
1093	n	1	æ	a	a	a	a	a	a	ɚ/ə	a	a	2772:1
1094	t	1	⁴	⁴⁴	⁴⁴	²⁴	²⁴	⁴⁴	⁴⁴	⁴⁴	⁴²	⁴⁴	2772:2
1095	i	1	tɕ	tɕ	ts	tɕ	ts	tɕʰ	tɕ	tɕ	tɕ	tɕ	2791:0
1096	m	1	-	i/j	-	-	-	-	i/j	i/j	-	i/j	2791:1
1097	n	1	æ	ɚ̃/ə̃	i	æ	e	i	a	ɚ/ə	a	ɛ	2791:2
1098	c	1	ŋ	-	-	-	n	-	n	-	ŋ	-	2791:3
1099	t	1	¹	³⁵	²²	²⁴	²²	⁵⁵	⁵⁵	⁵⁵	⁵⁵	⁵⁵	2791:4
1100	i	1	m	m	Ø	m	Ø	Ø	m	m	Ø	m	2805:0
1101	m	1	j	i/j	Ø	i/j	Ø	Ø	i/j	i/j	Ø	i/j	2805:1
1102	n	1	æ	ɚ/ə	Ø	æ	Ø	Ø	a	ɚ/ə	Ø	ɛ	2805:2
1103	c	1	-	-	Ø	-	Ø	Ø	n	-	Ø	-	2805:3
1104	t	1	¹	³⁵	Ø	²⁴	Ø	Ø	⁵⁵	⁵⁵	Ø	³⁵	2805:4
1105	i	1	Ø	Ø	ɲ	Ø	ɲ	ɲ	Ø	Ø	ɲ	Ø	2806:0
1106	m	1	Ø	Ø	y	Ø	u/w	-	Ø	Ø	u/w	Ø	2806:1
1107	n	1	Ø	Ø	a	Ø	ɛ	o	Ø	Ø	a	Ø	2806:2
1108	t	1	Ø	Ø	⁵⁵	Ø	⁵⁵	⁵⁵	Ø	Ø	⁵⁵	Ø	2806:3
1109	i	1	ʈ	ʈʂ	t	t	ts	ʈʂ	ts	ts	t	ts	2816:0
1110	m	1	-	-	-	i/j	-	-	-	-	i/j	-	2816:1
1111	n	1	æ	ɚ/ə	ɛ	a	æ	ɚ/ə	a	ɚ/ə	a	ɛ	2816:2
1112	t	1	⁴	³³	⁴⁴	⁵⁵	²⁴	⁵⁵	⁴⁴	⁴⁴	⁴²	⁴⁴	2816:3
1113	i	1	ɖʐ	tɕ	tsʰ	tɕ	dʑ	tsʰ	Ø	tɕ	-	tɕ	2827:0
1114	m	1	-	i/j	-	-	i/j	-	Ø	-	j	i/j	2827:1
1115	n	1	e	e	o	i	e	o	Ø	e	e	e	2827:2
1116	c	1	n	n	-	-	n	-	Ø	n	n	-	2827:3
1117	t	1	²	³³	⁵⁵	²²	²²	⁵⁵	Ø	³³	³³	³³	2827:4
1118	i	1	ts	ʈʂ	ts	ts	ʈʂ	ʈʂ	ts	ts	ʈʂ	ts	2837:0
1119	m	1	r	m	-	-	-	-	-	-	-	-	2837:1
1120	n	1	e	ɚ/ə̃	ẽ	ɿ	ɚ/ə	ɚ/ə̃	a	e	ɚ/ə̃	i	2837:2
1121	c	1	ŋ	-	-	-	-	-	n	n	-	-	2837:3
1122	t	1	¹	³⁵	⁵⁵	²⁴	⁵⁵	⁵⁵	⁵⁵	⁵⁵	⁵⁵	³⁵	2837:4
1123	i	1	d	tɕ	tɕ	tɕ	dʑ	tɕ	tɕ	tʰ	ʑ	tɕ	2848:0
1124	n	1	i	i	y	i	i	ĩ	i	i	i	i	2848:1
1125	t	1	⁴	⁴²	⁵⁵	²¹	²¹	⁴²	⁴²	⁴²	⁴²	⁴²	2848:2
1126	i	1	sʰ	ɕʰ	s	s	ɕ	s	ɕ	ɕ	ɕ	ɕ	2859:0
1127	m	1	j	i/j	-	-	i/j	-	i/j	-	i/j	-	2859:1
1128	n	1	e	e	ɛ	i	e	ẽ	e	e	e	i	2859:2
1129	c	1	n	n	-	-	n	-	n	n	n	-	2859:3
1130	t	1	¹	⁵⁵	⁵⁵	²⁴	⁵⁵	⁵⁵	⁵⁵	⁵⁵	⁵⁵	³⁵	2859:4
1131	i	1	ɣ	ɣ	ɣ	ɣ	ɣ	ɣ	ɣ	ɣ	ɣ	ɣ	4068:0
1132	n	1	ɯ	ɯ	ɯ	ɯ	e	ɯ	ə	ə	ɯ	ɯ	4068:1
1133	t	1	²	³³	²¹	²¹	²¹	²¹	³³	³³	³³	³³	4068:2
1134	i	1	Ø	s	s	s	s	s	Ø	s	s	s	2871:0
1135	m	1	Ø	u/w	u/w	u/w	u/w	u/w	Ø	u/w	u/w	u/w	2871:1
1136	n	1	Ø	a	a	a	a	a	Ø	a	ɔ	a	2871:2
1137	t	1	Ø	⁴⁴	⁴⁴	⁵⁵	²⁴	⁴⁴	Ø	⁴⁴	⁴²	⁴⁴	2871:3
1138	i	1	tɕ	tɕ	tɕ	tɕ	tɕ	tɕ	tɕ	tɕ	tɕ	tɕ	2889:0
1139	m	1	-	i/j	-	i/j	-	-	i/j	-	-	i/j	2889:1
1140	n	1	ɯ	ɯ	i	ɯ	i	i	ɯ	əɯ	i	ɯ	2889:2
1141	t	1	²	³³	²²	²²	²²	²²	³³	³³	³³	³³	2889:3
1142	i	1	k	k	k	k	k	k	k	k	k	k	2900:0
1143	n	1	u	u	v/ʯ	u	u	v/ʯ	u	v/ʯ	v/ʯ	u	2900:1
1144	t	1	²	³³	²²	²²	²²	²²	³³	³³	³³	³³	2900:2
1145	m	1	j	j	Ø	j	j	Ø	j	Ø	j	Ø	2911:0
1146	n	1	ɔ	ou	Ø	o	a	Ø	ou	Ø	o	Ø	2911:1
1147	t	1	⁵	⁴²	Ø	⁴³	⁵⁵	Ø	⁴²	Ø	²¹	Ø	2911:2
1148	i	1	tsʰ	tsʰ	tsʰ	tsʰ	tsʰ	tsʰ	tsʰ	tsʰ	tsʰ	tsʰ	2928:0
1149	n	1	u	õ	o	o	*/ə	o	ṽ/ʯ̃	o	v/ʯ	i	2928:1
1150	c	1	ŋ	-	ŋ	-	-	-	-	ŋ	-	-	2928:2
1151	t	1	¹	⁵⁵	⁵⁵	⁴²	⁵⁵	⁵⁵	⁵⁵	⁵⁵	⁵⁵	⁵⁵	2928:3
1152	i	1	qʰ	kʰ	qʰ	qʰ	qʰ	qʰ	kʰ	kʰ	qʰ	kʰ	2941:0
1153	n	1	ɯ̃	ɯ	ɯ	ɯ	e	ɯ̃	ɯ	ə	ɚ/ə̃	ɯ	2941:1
1154	t	1	¹	⁵⁵	⁵⁵	²⁴	⁵⁵	⁵⁵	⁵⁵	⁵⁵	⁵⁵	⁵⁵	2941:2
1155	i	1	ŋ	u/w	ŋ	u/w	u/w	n	u/w	ŋ	ŋ	u/w	2952:0
1156	m	1	u/w	-	u/w	-	-	-	-	u/w	u/w	-	2952:1
1157	n	1	a	a	a	a	a	õ	ɑ̃	a	ɔ	a	2952:2
1158	c	1	-	ŋ	-	-	ŋ	-	-	-	-	-	2952:3
1159	t	1	⁴	³³	⁴⁴	⁵⁵	²⁴	²²	⁴⁴	⁴⁴	⁴²	⁴⁴	2952:4
1160	i	1	ɕ	ɕ	Ø	Ø	Ø	Ø	ts	ɕ	ɕ	Ø	2965:0
1161	m	1	u/w	y/ɥ	Ø	Ø	Ø	Ø	-	-	y/ɥ	Ø	2965:1
1162	n	1	i	i	Ø	Ø	Ø	Ø	a	u	i	Ø	2965:2
1163	t	1	²	³³	Ø	Ø	Ø	Ø	²¹	³³	³	Ø	2965:3
1164	i	1	s	Ø	Ø	s	s	Ø	Ø	s	Ø	s	2977:0
1165	n	1	ɔ	Ø	Ø	o	ao	Ø	Ø	v/ʯ	Ø	i	2977:1
1166	t	1	⁴	Ø	Ø	⁵⁵	⁴²	Ø	Ø	⁴⁴	Ø	⁵⁵	2977:2
1167	i	1	Ø	k	q	q	Ø	q	k	Ø	Ø	k	2976:0
1168	m	1	Ø	-	-	-	Ø	-	-	Ø	Ø	u/w	2976:1
1169	n	1	Ø	u	o	o	Ø	o	ou	Ø	Ø	o	2976:2
1170	t	1	Ø	²¹	²¹	²¹	Ø	²¹	²¹	Ø	Ø	²¹	2976:3
1171	i	1	tsʰ	Ø	tsʰ	tsʰ	tɕʰ	tɕʰ	Ø	tɕʰ	Ø	tɕʰ	2990:0
1172	m	1	j	Ø	-	-	-	-	Ø	-	Ø	-	2990:1
1173	n	1	i	Ø	i	i	i	i	Ø	i	Ø	i	2990:2
1174	t	1	⁴	Ø	⁵⁵	⁵⁵	²⁴	⁵⁵	Ø	⁴⁴	Ø	⁵⁵	2990:3
1175	i	1	ts	ʈʂ	ts	ts	ʈʂ	ʈʂ	ts	ts	ʈʂ	ts	2998:0
1176	m	1	r	-	-	-	-	-	-	-	-	-	2998:1
1177	n	1	i	i	ɛ	ɿ	i	ɚ/ə̃	i	i	ɚ/ə̃	i	2998:2
1178	t	1	²	³³	²²	²²	²²	²²	³³	³³	³³	³³	2998:3
1179	i	1	ɕ	ɕʰ	ɕ	ɕ	Ø	Ø	ɕ	ɕ	ɕ	Ø	3009:0
1180	n	1	o	ou	u	o	Ø	Ø	ou	o	u	Ø	3009:1
1181	t	1	⁴	⁴⁴	⁴⁴	⁵⁵	Ø	Ø	⁴⁴	⁵⁵	⁴²	Ø	3009:2
1182	i	1	b	p	Ø	p	b	Ø	p	p	b	p	3010:0
1183	n	1	e	e	Ø	i	i	Ø	e	e	i	e	3010:1
1184	t	1	¹	²¹	Ø	²¹	¹²	Ø	²¹	²¹	²⁵	²¹	3010:2
1185	i	1	p	p	p	p	p	p	p	p	p	Ø	3867:0
1186	n	1	u	u	ɯ	ɯ	u	u	u	əɯ	ɯ	Ø	3867:1
1187	t	1	²	³³	²²	²²	²²	²²	³³	³³	³³	Ø	3867:2
1188	i	1	tʰ	tʰ	tɕ	tʰ	tʰ	ʈʰ	tʰ	tʰ	tʰ	tʰ	3031:0
1189	m	1	j	-	i	i	-	-	-	-	-	-	3031:1
1190	n	1	u	u	u	u	y	u	u	əɯ	v/ʯ	o	3031:2
1191	t	1	²	³³	²²	²²	²²	²²	³³	³³	³³	³³	3031:3
1192	i	1	kʰ	Ø	kʰ	kʰ	kʰ	Ø	kʰ	kʰ	Ø	kʰ	3043:0
1193	n	1	u	Ø	u	o	o	Ø	õ	o	Ø	ou	3043:1
1194	c	1	ŋ	Ø	-	-	ŋ	Ø	-	ŋ	Ø	-	3043:2
1195	t	1	¹	Ø	⁵⁵	²⁴	⁵⁵	Ø	⁵⁵	⁵⁵	Ø	⁵⁵	3043:3
1196	i	1	d	t	d	d	d	d	t	t	d	t	3052:0
1197	m	1	-	-	-	-	-	-	-	-	j	-	3052:1
1198	n	1	ɯ	ɯ	ɯ	ɯ	i	ɯ	ə̃	ɯ	ɯ	ɯ	3052:2
1199	t	1	⁵	³¹	⁴²	⁴³	⁴²	⁴²	³¹	³¹	²¹	³¹	3052:3
1200	i	1	d	t	t	t	d	t	t	t	d	t	3064:0
1201	n	1	ɔ	a	o	o	ao	o	ɑ	ə	ɔ	a	3064:1
1202	t	1	¹	²¹	²¹	²¹	¹²	²¹	²¹	²¹	³⁵	²¹	3064:2
1203	i	1	tsʰ	tɕʰ	tsʰ	Ø	Ø	ts	tɕʰ	tɕʰ	tɕʰ	tɕʰ	3075:0
1204	m	1	j	i/j	-	Ø	Ø	-	i/j	-	i/j	-	3075:1
1205	n	1	e	e	ɛ	Ø	Ø	ẽ	e	ĩ	e	i	3075:2
1206	c	1	n	n	-	Ø	Ø	-	n	-	n	-	3075:3
1207	t	1	¹	⁵⁵	⁵⁵	Ø	Ø	⁵⁵	⁵⁵	⁵⁵	⁵⁵	⁵⁵	3075:4
1208	i	1	tʰ	tʰ	tɕʰ	tʰ	tʰ	ʈ	tʰ	tʰ	tʰ	tʰ	3084:0
1209	m	1	j	-	i/j	i/j	-	-	-	-	-	-	3084:1
1210	n	1	æ	ɑ	a	æ	æ	a	ɑ	ɛ	a	a	3084:2
1211	t	1	⁴	⁴⁴	⁵⁵	⁵⁵	²⁴	⁵⁵	⁴⁴	⁴²	⁴²	⁴⁴	3084:3
1212	i	1	n	-	Ø	Ø	Ø	Ø	-	ɲ	-	Ø	3095:0
1213	m	1	j	j	Ø	Ø	Ø	Ø	j	i/j	j	Ø	3095:1
1214	n	1	e	e	Ø	Ø	Ø	Ø	e	e	e	Ø	3095:2
1215	c	1	n	n	Ø	Ø	Ø	Ø	n	n	n	Ø	3095:3
1216	t	1	1b/¹	²¹	Ø	Ø	Ø	Ø	²¹	²¹	³⁵	Ø	3095:4
1217	i	1	Ø	Ø	ɲ	ɲ	ɲ	ɲ	Ø	Ø	Ø	ɲ	3096:0
1218	n	1	Ø	Ø	i	i	i	i	Ø	Ø	Ø	i	3096:1
1219	t	1	Ø	Ø	²¹	²¹	¹²	²¹	Ø	Ø	Ø	²¹	3096:2
1220	i	1	dʑ	tɕ	Ø	dʑ	dʑ	tɕ	tɕ	t	ʑ	k	3106:0
1221	m	1	-	-	Ø	-	-	y/ɥ	i/j	i/j	-	-	3106:1
1222	n	1	i	i	Ø	i	i	i	ɯ	e	i	e	3106:2
1223	c	1	-	-	Ø	-	-	-	-	n	-	-	3106:3
1224	t	1	²	³³	Ø	³³	²²	²²	³³	³³	³³	³⁵	3106:4
1225	i	1	ɖʐ	ʈʂ	ts	ts	ɖʐ	ʈʂ	ts	tsʰ	ʐ	ts	4814:0
1226	n	1	i	i	ɛ	ɿ	i	ɚ/ə	a	i	ɚ/ə	i	4814:1
1227	t	1	⁴	⁴²	⁴²	²¹	²¹	⁴²	⁴²	⁴²	⁴²	⁴²	4814:2
1228	i	1	ɣ	k	q	q	ɣ	q	k	kʰ	Ø	k	3128:0
1229	n	1	æ	ɚ/ə	a	æ	æ	a	a	ɚ/ə	Ø	ɛ	3128:1
1230	t	1	⁴	⁴²	⁴²	²¹	²¹	⁵⁵	⁴²	⁴²	Ø	⁴²	3128:2
1231	i	1	qʰ	kʰ	tɕʰ	kʰ	qʰ	ʈʰ	kʰ	kʰ	kʰ	tsʰ	3139:0
1232	n	1	o	o	i	o	ao	ɯ	õ	o	o	ɯ	3139:1
1233	c	1	ŋ	ŋ	-	-	-	-	-	-	-	-	3139:2
1234	t	1	¹	⁵⁵	⁵⁵	²⁴	⁵⁵	⁵⁵	⁵⁵	⁵⁵	⁵⁵	⁵⁵	3139:3
1235	i	1	d	t	t	t	d	t	t	tʰ	d	t	3150:0
1236	n	1	ɛ	e	ɛ	ᴇ/ɛ	ɛ	e	e	ɛ	ɛ	e	3150:1
1237	t	1	⁴	⁴²	⁴²	²¹	²¹	⁴²	⁴²	⁴²	⁴²	⁴²	3150:2
1238	i	1	d	Ø	Ø	d	Ø	Ø	Ø	Ø	d	Ø	3162:0
1239	m	1	r	Ø	Ø	i/j	Ø	Ø	Ø	Ø	i/j	Ø	3162:1
1240	n	1	ɯ	Ø	Ø	ɯ	Ø	Ø	Ø	Ø	ɯ	Ø	3162:2
1241	t	1	²	Ø	Ø	²²	Ø	Ø	Ø	Ø	³³	Ø	3162:3
1242	i	1	Ø	ʈʂ	dʑ	Ø	ɖʐ	tɕ	ts	dz	Ø	ts	3161:0
1243	n	1	Ø	*/ə	i	Ø	i	õ	ɯ	əɯ	Ø	ɯ	3161:1
1244	t	1	Ø	³³	²²	Ø	³³	²²	³³	³³	Ø	³³	3161:2
1245	i	1	ts	ʈʂ	ts	ts	ʈʂ	ʈʂ	ts	ts	ʈʂ	ts	3172:0
1246	m	1	r	-	-	-	-	-	-	-	-	-	3172:1
1247	n	1	e	ɚ/ə	ɛ	ɿ	i	ɚ/ə	i	e	ɚ/ə̃	i	3172:2
1248	c	1	n	-	-	-	-	-	-	n	-	-	3172:3
1249	t	1	²	³³	²²	²²	²²	²²	³³	³³	³³	³³	3172:4
1250	i	1	z	Ø	Ø	Ø	z	Ø	Ø	ʐ	ʐ	Ø	3184:0
1251	m	1	r	Ø	Ø	Ø	-	Ø	Ø	y/ɥ	-	Ø	3184:1
1252	n	1	o	Ø	Ø	Ø	o	Ø	Ø	e	v/ʯ	Ø	3184:2
1253	c	1	ŋ	Ø	Ø	Ø	ŋ	Ø	Ø	n	ŋ	Ø	3184:3
1254	t	1	¹	Ø	Ø	Ø	¹²	Ø	Ø	²¹	³⁵	Ø	3184:4
1255	m	1	Ø	j	j	j	Ø	Ø	Ø	Ø	Ø	j	3183:0
1256	n	1	Ø	ou	u	u	Ø	Ø	Ø	Ø	Ø	ou	3183:1
1257	t	1	Ø	²¹	²¹	²¹	Ø	Ø	Ø	Ø	Ø	²¹	3183:2
1258	i	1	m	m	Ø	m	m	Ø	m	Ø	m	Ø	3194:0
1259	n	1	ɛ	e	Ø	ᴇ/ɛ	e	Ø	e	Ø	ɛ	Ø	3194:1
1260	c	1	-	-	Ø	-	n	Ø	-	Ø	-	Ø	3194:2
1261	t	1	1a/¹	³⁵	Ø	²⁴	⁵⁵	Ø	⁵⁵	Ø	⁵⁵	Ø	3194:3
1262	i	1	s	Ø	s	ɕ	ʂ	ʂ	Ø	ɕ	ʂ	s	3205:0
1263	m	1	r	Ø	-	-	-	-	Ø	-	-	-	3205:1
1264	n	1	ɯ	Ø	ɛ	ɯ	i	ɚ/ə	Ø	ɚ/ə̃	i	i	3205:2
1265	t	1	²	Ø	²²	²²	²²	²²	Ø	⁵⁵	⁵⁵	³³	3205:3
1266	i	1	p	p	p	p	p	p	p	p	p	p	3214:0
1267	n	1	æ	ɚ/ə̃	a	æ	a	õ	a	ɚ/ə̃	a	ɛ	3214:1
1268	c	1	n	-	-	-	n	-	n	-	ŋ	-	3214:2
1269	t	1	²	³³	²²	²²	²²	⁴²	³³	³³	³³	³³	3214:3
1270	i	1	tɕ	Ø	tɕ	tɕ	tɕ	tɕ	tɕ	tɕ	tɕ	Ø	3234:0
1271	n	1	i	Ø	i	i	i	ĩ	i	i	i	Ø	3234:1
1272	t	1	¹	Ø	⁵⁵	²⁴	⁵⁵	⁰	⁵⁵	⁵⁵	⁵⁵	Ø	3234:2
1273	i	1	k	Ø	k	k	k	k	k	k	k	Ø	3235:0
1274	m	1	u/w	Ø	u/w	u/w	u/w	u/w	u/w	u/w	u/w	Ø	3235:1
1275	n	1	ɛ	Ø	i	i	ɛ	i	i	ɛ	e	Ø	3235:2
1276	t	1	¹	Ø	⁵⁵	²⁴	⁵⁵	⁵⁵	⁵⁵	⁵⁵	⁵⁵	Ø	3235:3
1277	m	1	j	j	Ø	j	j	Ø	j	j	j	j	3251:0
1278	n	1	a	a	Ø	a	a	Ø	o	a	ɔ	a	3251:1
1279	t	1	⁴	⁴⁴	Ø	⁵⁵	²⁴	Ø	⁴⁴	⁴⁴	⁴²	⁴⁴	3251:2
1280	n	1	Ø	Ø	o	Ø	Ø	a	ɑ̃	Ø	Ø	Ø	3252:0
1281	t	1	Ø	Ø	⁴⁴	Ø	Ø	⁵⁵	⁴⁴	Ø	Ø	Ø	3252:1
1282	m	1	j	j	Ø	j	j	Ø	j	j	j	j	3263:0
1283	n	1	a	a	Ø	a	a	Ø	ɑ	a	ɔ	a	3263:1
1284	t	1	⁴	⁴⁴	Ø	⁵⁵	²⁴	Ø	⁴⁴	⁴⁴	⁴²	⁴⁴	3263:2
1285	i	1	q	k	q	q	q	q	k	k	q	k	3274:0
1286	n	1	æ	ɚ/ə	a	æ	æ	a	a	ɚ/ə	a	ɛ	3274:1
1287	t	1	⁵	⁴²	423/⁴³	⁴³	⁴²	⁴²	⁴²	⁴²	²¹	⁴²	3274:2
1288	i	1	tʰ	tʰ	tʰ	tʰ	tʰ	tʰ	tʰ	Ø	tʰ	tʰ	3285:0
1289	m	1	-	-	-	u/w	-	-	-	Ø	-	-	3285:1
1290	n	1	a	a	o	a	a	a	ɑ	Ø	ɔ	a	3285:2
1291	t	1	⁴	⁴⁴	⁵⁵	⁵⁵	²⁴	⁵⁵	⁴⁴	Ø	⁴²	⁵⁵	3285:3
1292	i	1	b	Ø	tɕ	p	dʑ	tɕ	p	tsʰ	ʐ	Ø	3297:0
1293	m	1	r	Ø	i/j	i/j	u/w	i	i/j	-	-	Ø	3297:1
1294	n	1	æ	Ø	a	a	a	õ	o	ɛ	o	Ø	3297:2
1295	t	1	⁴	Ø	⁴⁴	²¹	²¹	⁵⁵	⁴²	⁴²	⁴²	Ø	3297:3
1296	i	1	Ø	m	Ø	Ø	Ø	Ø	m	Ø	Ø	m	3296:0
1297	n	1	Ø	a	Ø	Ø	Ø	Ø	ɑ̃	Ø	Ø	a	3296:1
1298	t	1	Ø	²¹	Ø	Ø	Ø	Ø	²¹	Ø	Ø	-	3296:2
1299	i	1	qʰ	kʰ	qʰ	qʰ	qʰ	qʰ	kʰ	kʰ	qʰ	kʰ	3308:0
1300	n	1	e	e	ɛ	ᴇ/ɛ	*/ə	e	ẽ	e	a	e	3308:1
1301	c	1	n	n	-	-	-	-	-	n	n	-	3308:2
1302	t	1	¹	⁵⁵	⁵⁵	²⁴	⁵⁵	⁵⁵	⁵⁵	⁵⁵	⁵⁵	⁵⁵	3308:3
1303	i	1	dʑ	tɕ	tɕʰ	dʑ	dʑ	Ø	tɕ	Ø	ʑ	tɕ	3319:0
1304	m	1	-	-	i/j	-	-	Ø	-	Ø	-	-	3319:1
1305	n	1	i	i	o	i	i	Ø	i	Ø	i	i	3319:2
1306	t	1	²	³³	⁵⁵	²²	²²	Ø	³³	Ø	³³	³³	3319:3
1307	i	1	n	Ø	n	ɲ	n	n	n	n	n	n	3330:0
1308	m	1	i/j	Ø	-	i	-	-	-	-	-	-	3330:1
1309	n	1	o	Ø	u	u	õ	u	ṽ/ʯ̃	əɯ	e	u	3330:2
1310	c	1	ŋ	Ø	-	-	-	-	-	-	n	-	3330:3
1311	t	1	1b/¹	Ø	²¹	²¹	¹²	²¹	²¹	²¹	³⁵	²¹	3330:4
1312	i	1	ʈ	ʈʂ	tɕ	tʲ	ts	ʈ	ts	ts	tʲ	ts	3340:0
1313	n	1	o	ou	u	u	u	o	ou	o	u	ou	3340:1
1314	t	1	⁴	³³	⁴⁴	⁵⁵	²⁴	⁵⁵	⁴⁴	⁴⁴	⁴²	⁴⁴	3340:2
1315	i	1	ʁ	Ø	Ø	ʁ	ʁ	Ø	Ø	Ø	Ø	Ø	3352:0
1316	n	1	ɯ	Ø	Ø	ɯ	e	Ø	Ø	Ø	Ø	Ø	3352:1
1317	t	1	⁴	Ø	Ø	²¹	²¹	Ø	Ø	Ø	Ø	Ø	3352:2
1318	i	1	Ø	ɣ	ɣ	Ø	Ø	ɣ	ɣ	Ø	ɣ	ɣ	3351:0
1319	n	1	Ø	ɯ	ɯ	Ø	Ø	ɯ	ə	Ø	ɯ	ɯ	3351:1
1320	t	1	Ø	⁴²	⁴²	Ø	Ø	⁴²	⁴²	Ø	⁴²	⁴²	3351:2
1321	i	1	ts	ʈʂ	ts	ts	ʈʂ	ʈʂ	ts	ts	ʈʂ	ts	3362:0
1322	m	1	r	-	-	-	-	-	-	-	-	-	3362:1
1323	n	1	e	ɚ/ə̃	ɛ	ɿ	ẽ	ɚ/ə̃	a	e	ɚ/ə̃	i	3362:2
1324	c	1	ŋ	-	-	-	-	-	n	n	-	-	3362:3
1325	t	1	¹	³⁵	⁵⁵	²⁴	¹²	⁵⁵	⁵⁵	⁵⁵	⁵⁵	³⁵	3362:4
1326	i	1	tʰ	ʈʂʰ	tɕʰ	tʰ	tʰ	ʈʰ	tsʰ	Ø	tʰ	tsʰ	3373:0
1327	m	1	r	-	-	i/j	-	-	-	Ø	-	-	3373:1
1328	n	1	æ	ɚ/ə	a	æ	æ	a	a	Ø	a	ɛ	3373:2
1329	t	1	⁴	⁴⁴	⁴⁴	⁵⁵	⁴²	⁵⁵	⁴⁴	Ø	⁴²	⁴⁴	3373:3
1330	i	1	m	m	m	m	Ø	m	m	m	m	Ø	3384:0
1331	n	1	ɛ	e	ɛ̃	ᴇ/ɛ	Ø	e	ɛ	ɛ	ɛ	Ø	3384:1
1332	t	1	1a/¹	³⁵	⁵⁵	²⁴	Ø	⁵⁵	⁵⁵	⁵⁵	⁵⁵	Ø	3384:2
1333	m	1	j	j	j	j	j	j	j	Ø	j	j	3397:0
1334	n	1	a	a	o	a	a	a	ɑ	Ø	ɔ	o	3397:1
1335	t	1	⁴	⁴⁴	⁴⁴	⁵⁵	⁵⁵	⁵⁵	⁴⁴	Ø	⁴²	³¹	3397:2
1336	i	1	m	m	m	m	m	m	m	m	m	m	3409:0
1337	n	1	ə	e	i	i	i	i	e	ɛ	i	e	3409:1
1338	t	1	²	³³	²²	²²	²²	²²	³³	³³	³³	³³	3409:2
1339	i	1	m	m	Ø	m	Ø	Ø	m	m	m	m	3420:0
1340	n	1	a	a	Ø	a	Ø	Ø	ɑ̃	a	o	a	3420:1
1341	t	1	⁴	⁴⁴	Ø	⁵⁵	Ø	Ø	⁴⁴	⁴⁴	⁴²	⁵⁵	3420:2
1342	i	1	q	k	q	q	q	q	Ø	k	q	Ø	3421:0
1343	m	1	u/w	u/w	u/w	u/w	u/w	u/w	Ø	u/w	u/w	Ø	3421:1
1344	n	1	a	a	a	a	a	a	Ø	a	o	Ø	3421:2
1345	t	1	⁴	⁴⁴	⁴⁴	⁵⁵	²⁴	⁵⁵	Ø	⁴⁴	⁴²	Ø	3421:3
1346	i	1	g	Ø	k	k	g	k	k	k	g	k	3433:0
1347	n	1	ɔ	Ø	o	o	ao	o	o	o	ɔ	o	3433:1
1348	t	1	¹	Ø	²¹	²¹	¹²	²¹	⁴²	²¹	³⁵	²¹	3433:2
1349	i	1	g	k	k	k	g	k	k	Ø	g	k	3443:0
1350	n	1	ɯ	ɯ	ɯ	ɯ	ɯ	ɯ	ɯ	Ø	ɯ	ɯ	3443:1
1351	t	1	¹	²¹	²¹	²¹	¹²	²²	²¹	Ø	³⁵	²¹	3443:2
1352	i	1	q	k	q	q	q	q	k	k	q	k	3454:0
1353	n	1	o	õ	u	o	o	õ	v/ʯ	o	o	v/ʯ	3454:1
1354	c	1	ŋ	-	-	-	ŋ	-	ŋ	ŋ	ŋ	-	3454:2
1355	t	1	¹	³⁵	⁵⁵	²⁴	⁵⁵	⁵⁵	⁵⁵	⁵⁵	⁵⁵	³⁵	3454:3
1356	i	1	g	k	Ø	g	Ø	Ø	k	k	g	kʰ	3469:0
1357	n	1	o	o	Ø	o	Ø	Ø	õ	õ	v/ʯ	ou	3469:1
1358	c	1	ŋ	ŋ	Ø	-	Ø	Ø	-	-	-	-	3469:2
1359	t	1	³	⁴²	Ø	⁴³	Ø	Ø	³¹	²¹	²¹	³¹	3469:3
1360	i	1	t	t	t	t	t	t	t	ts	Ø	Ø	3477:0
1361	n	1	ɛ	e	ɛ	ᴇ/ɛ	e	e	e	o	Ø	Ø	3477:1
1362	t	1	⁴	⁴⁴	⁴²	⁵⁵	²⁴	⁴²	⁴⁴	³³	Ø	Ø	3477:2
1363	i	1	m	m	m	m	Ø	m	Ø	Ø	m	m	3478:0
1364	n	1	i	i	ɛ	ᴇ/ɛ	Ø	e	Ø	Ø	ɛ	i	3478:1
1365	t	1	1a/¹	⁴⁴	⁴²	⁴³	Ø	⁴²	Ø	Ø	²¹	⁴⁴	3478:2
1366	i	1	sʰ	sʰ	s	s	s	s	s	s	s	s	3493:0
1367	n	1	o	ou	u	u	u	o	ou	o	u	o	3493:1
1368	t	1	⁴	⁴⁴	⁴⁴	⁵⁵	²⁴	⁵⁵	⁴⁴	⁴⁴	⁴²	⁴⁴	3493:2
1369	i	1	ʁ	u/w	kʰ	Ø	u/w	ŋ	u/w	v	u/w	u/w	3504:0
1370	m	1	u/w	-	u/w	Ø	-	u/w	-	-	-	-	3504:1
1371	n	1	e	ẽ	ɛ	Ø	e	e	ẽ	e	e	e	3504:2
1372	c	1	n	-	-	Ø	n	-	-	n	ŋ	-	3504:3
1373	t	1	1b/¹	³¹	⁴⁴	Ø	¹²	²¹	²¹	²¹	³⁵	²¹	3504:4
1374	i	1	p	Ø	tɕ	Ø	tɕ	tɕ	p	p	tɕ	Ø	3518:0
1375	m	1	r	Ø	y/ɥ	Ø	y/ɥ	y/ɥ	i/j	i/j	y/ɥ	Ø	3518:1
1376	n	1	e	Ø	i	Ø	e	ẽ	e	e	e	Ø	3518:2
1377	c	1	n	Ø	-	Ø	n	-	n	n	n	Ø	3518:3
1378	t	1	¹	Ø	⁵⁵	Ø	⁵⁵	⁵⁵	⁵⁵	⁵⁵	⁵⁵	Ø	3518:4
1379	i	1	tsʰ	tsʰ	tsʰ	tsʰ	tsʰ	kʰ	tsʰ	kʰ	tsʰ	tsʰ	3525:0
1380	n	1	o	o	o	o	o	u	õ	əɯ	o	ou	3525:1
1381	c	1	ŋ	ŋ	-	ŋ	ŋ	-	-	-	ŋ	-	3525:2
1382	t	1	³	⁴²	⁴²	⁴³	⁴²	⁴²	³¹	³³	²¹	³¹	3525:3
1383	i	1	sʰ	ʂʰ	ɕ	ɕ	s	ɕ	s	s	ɕ	s	3536:0
1384	m	1	r	-	i/j	i/j	-	i/j	-	-	i/j	-	3536:1
1385	n	1	ɔ	ou	o	o	ao	o	ou	a	o	o	3536:2
1386	t	1	¹	⁵⁵	⁵⁵	²⁴	⁵⁵	⁵⁵	⁵⁵	⁵⁵	⁵⁵	⁵⁵	3536:3
1387	i	1	Ø	f	f	f	pf	f	f	f	f	f	4669:0
1388	n	1	Ø	v/ʯ	v/ʯ	o	u	v/ʯ	v/ʯ	v/ʯ	v/ʯ	v/ʯ	4669:1
1389	t	1	Ø	⁴²	⁴²	⁴³	⁴²	⁴²	⁴²	⁴²	²¹	⁴²	4669:2
1390	i	1	s	Ø	Ø	Ø	Ø	Ø	Ø	s	s	s	3561:0
1391	m	1	u/w	Ø	Ø	Ø	Ø	Ø	Ø	u/w	u/w	u/w	3561:1
1392	n	1	a	Ø	Ø	Ø	Ø	Ø	Ø	a	a	a	3561:2
1393	t	1	⁴	Ø	Ø	Ø	Ø	Ø	Ø	⁴⁴	⁴²	⁴⁴	3561:3
1394	i	1	q	k	q	q	Ø	q	k	k	q	k	3566:0
1395	n	1	æ	ɚ/ə	a	æ	Ø	a	a	ɚ/ə	a	ɛ	3566:1
1396	t	1	⁴	⁴⁴	⁴⁴	⁵⁵	Ø	⁵⁵	⁴⁴	⁴⁴	⁴²	⁴⁴	3566:2
1397	i	1	ts	Ø	ts	t	q	k	ts	tsʰ	ts	Ø	3576:0
1398	n	1	u	Ø	o	æ	æ	o	ṽ/ʯ̃	o	v/ʯ	Ø	3576:1
1399	c	1	ŋ	Ø	ŋ	-	-	ŋ	-	ŋ	ŋ	Ø	3576:2
1400	t	1	¹	Ø	⁵⁵	⁵⁵	²⁴	²²	⁵⁵	⁵⁵	⁵⁵	Ø	3576:3
1401	i	1	s	s	s	s	s	s	s	s	s	tɕ	3590:0
1402	n	1	a	a	o	a	a	a	ɑ	ɐ	ɔ	ɛ	3590:1
1403	t	1	⁴	⁴⁴	⁴²	⁵⁵	²⁴	⁵⁵	⁴⁴	²¹	⁴²	⁴²	3590:2
1404	i	1	ɣ	k	q	q	ɣ	q	k	tsʰ	Ø	k	3601:0
1405	n	1	æ	ɚ/ə	a	æ	æ	a	a	ɛ	Ø	ɛ	3601:1
1406	t	1	⁴	⁴²	⁴²	²¹	²¹	⁵⁵	⁴²	⁴²	Ø	⁴²	3601:2
1407	i	1	ʈ	ʈʂ	tɕ	tɕ	ts	tɕ	ts	ts	ʈʂ	ts	3634:0
1408	m	1	s	-	-	-	-	-	-	-	-	-	3634:1
1409	n	1	u	o	u	o	o	õ	ṽ/ʯ̃	o	v/ʯ	v/ʯ	3634:2
1410	c	1	ŋ	ŋ	-	-	ŋ	-	-	ŋ	ŋ	-	3634:3
1411	t	1	²	³³	²²	²²	²²	²²	³³	³³	³³	³³	3634:4
1412	i	1	s	s	ɕ	ɕ	ɕ	ɕ	s	s	ʂ	s	3645:0
1413	m	1	r	-	-	-	-	-	-	-	-	-	3645:1
1414	n	1	u	u	u	u	y	y	u	u	v/ʯ	u	3645:2
1415	t	1	¹	³⁵	⁵⁵	²⁴	⁵⁵	⁵⁵	⁵⁵	⁵⁵	⁵⁵	³⁵	3645:3
1416	i	1	tʰ	ʈʂʰ	tɕʰ	tʰ	tsʰ	ʈʰ	tsʰ	s	tʰ	s	3656:0
1417	m	1	r	-	i/j	i	-	-	-	-	i	-	3656:1
1418	n	1	o	ou	o	u	u	o	ou	əɯ	u	o	3656:2
1419	t	1	⁴	⁴⁴	⁴⁴	⁵⁵	²⁴	⁵⁵	⁴⁴	³³	⁴²	³³	3656:3
1420	i	1	ɣ	k	q	q	ɣ	q	k	k	Ø	k	3667:0
1421	n	1	ɯ	ɯ	ɯ	ɯ	e	ɯ	ɯ	əɯ	Ø	ɯ	3667:1
1422	t	1	¹	²¹	²¹	²¹	¹²	²¹	²¹	²¹	Ø	²¹	3667:2
1423	i	1	tsʰ	tɕʰ	tsʰ	tsʰ	tɕʰ	tsʰ	tɕʰ	tɕʰ	tɕʰ	tɕʰ	3678:0
1424	m	1	j	-	-	-	-	-	-	-	-	-	3678:1
1425	n	1	i	i	i	i	i	i	i	i	i	i	3678:2
1426	t	1	⁴	⁴⁴	⁴⁴	⁵⁵	²⁴	⁵⁵	⁴⁴	⁴⁴	⁴²	⁴⁴	3678:3
1427	i	1	q	k	q	q	q	q	k	k	q	tsʰ	3689:0
1428	n	1	æ	ɚ/ə̃	a	æ	a	ã	ɛ̃	ɚ/ə̃	a	ɛ	3689:1
1429	c	1	n	-	-	-	n	-	-	-	ŋ	-	3689:2
1430	t	1	¹	³³	²²	²²	²²	²²	³³	³³	³³	⁵⁵	3689:3
1431	m	1	j	j	Ø	Ø	Ø	j	j	Ø	j	j	3701:0
1432	n	1	i	i	Ø	Ø	Ø	i	i	Ø	i	i	3701:1
1433	t	1	³	²¹	Ø	Ø	Ø	⁴²	³¹	Ø	²¹	³¹	3701:2
1434	i	1	dʑ	tɕ	ɕ	dz	dz	Ø	tɕ	tɕ	ʐ	tɕ	3712:0
1435	m	1	-	i/j	i/j	-	-	Ø	i/j	i/j	-	i/j	3712:1
1436	n	1	æ	ɚ̃/ə̃	a	ᴇ/ɛ	a	Ø	a	ɚ̃/ə̃	a	ɛ	3712:2
1437	c	1	n	-	-	-	n	Ø	n	-	ŋ	-	3712:3
1438	t	1	³	²¹	⁴⁴	⁴³	⁴²	Ø	³¹	²¹	²¹	³¹	3712:4
1439	i	1	n	-	Ø	ɲ	-	Ø	-	-	-	-	3723:0
1440	m	1	j	j	Ø	i/j	j	Ø	j	j	j	j	3723:1
1441	n	1	o	o	Ø	o	o	Ø	õ	o	o	ou	3723:2
1442	c	1	-	ŋ	Ø	-	ŋ	Ø	-	ŋ	ŋ	-	3723:3
1443	t	1	¹	²¹	Ø	²¹	¹²	Ø	²¹	²¹	³⁵	²¹	3723:4
1444	i	1	Ø	Ø	ŋ	ɲ	Ø	Ø	ŋ	Ø	Ø	ŋ	3734:0
1445	n	1	Ø	Ø	a	*/ə	Ø	Ø	e	Ø	Ø	e	3734:1
1446	t	1	Ø	Ø	²¹	²¹	Ø	Ø	²¹	Ø	Ø	²¹	3734:2
1447	i	1	Ø	Ø	ɲ	ɲ	Ø	n	Ø	Ø	Ø	Ø	3746:0
1448	m	1	Ø	Ø	i/j	i/j	Ø	-	Ø	Ø	Ø	Ø	3746:1
1449	n	1	Ø	Ø	a	a	Ø	a	Ø	Ø	Ø	Ø	3746:2
1450	t	1	Ø	Ø	²¹	²¹	Ø	²¹	Ø	Ø	Ø	Ø	3746:3
1451	i	1	l	l	l	l	l	l	l	l	l	l	3757:0
1452	n	1	ɔ	ou	o	o	ao	o	ou	o	ɔ	o	3757:1
1453	t	1	1b/¹	²¹	²¹	²¹	¹²	²¹	²¹	²¹	³⁵	²¹	3757:2
1454	i	1	Ø	Ø	ɲ	ɲ	ɲ	ɲ	Ø	Ø	Ø	ɲ	3769:0
1455	n	1	Ø	Ø	i	i	i	i	Ø	Ø	Ø	i	3769:1
1456	t	1	Ø	Ø	²¹	²¹	²¹	²¹	Ø	Ø	Ø	²¹	3769:2
1457	i	1	k	k	k	k	k	k	k	k	k	k	3779:0
1458	n	1	o	o	v/ʯ	u	ao	v/ʯ	v/ʯ	v/ʯ	v/ʯ	v/ʯ	3779:1
1459	t	1	⁵	⁴²	⁴²	⁴³	⁴²	⁴²	⁴²	⁴²	²¹	⁴²	3779:2
1460	i	1	Ø	f	Ø	f	pf	Ø	f	f	f	f	3790:0
1461	n	1	Ø	o	Ø	o	u	Ø	v/ʯ	v/ʯ	o	v/ʯ	3790:1
1462	t	1	Ø	⁴⁴	Ø	⁵⁵	²⁴	Ø	⁴⁴	⁴⁴	⁴²	⁴⁴	3790:2
1463	i	1	x	x	x	x	h	x	x	x	x	x	3813:0
1464	n	1	e	e	ɛ̃	ᴇ/ɛ	e	ɛ̃	e	e	e	e	3813:1
1465	c	1	n	n	-	-	n	-	n	n	n	-	3813:2
1466	t	1	¹	⁵⁵	⁵⁵	²⁴	⁵⁵	⁵⁵	⁵⁵	⁵⁵	⁵⁵	⁵⁵	3813:3
1467	i	1	qʰ	Ø	qʰ	qʰ	qʰ	qʰ	Ø	kʰ	Ø	u/w	3825:0
1468	m	1	u/w	Ø	u/w	u/w	u/w	u/w	Ø	u/w	Ø	-	3825:1
1469	n	1	æ	Ø	a	æ	æ	e	Ø	ɚ	Ø	ɛ	3825:2
1470	t	1	¹	Ø	⁵⁵	²⁴	⁵⁵	⁵⁵	Ø	⁵⁵	Ø	³⁵	3825:3
1471	i	1	x	x	Ø	x	x	Ø	x	Ø	x	x	3834:0
1472	m	1	u/w	u/w	Ø	u/w	u/w	Ø	u/w	Ø	u/w	u/w	3834:1
1473	n	1	i	i	Ø	i	i	Ø	i	Ø	e	i	3834:2
1474	t	1	²	³³	Ø	²²	²²	Ø	³³	Ø	³³	³³	3834:3
1475	i	1	s	ɕ	s	s	ɕ	s	ɕ	ɕ	ɕ	ɕ	3835:0
1476	m	1	j	i/j	-	-	-	-	i/j	-	i/j	-	3835:1
1477	n	1	e	e	ɛ	i	i	e	e	e	e	e	3835:2
1478	c	1	n	n	-	-	-	-	n	n	n	-	3835:3
1479	t	1	¹	³⁵	⁵⁵	²⁴	⁵⁵	⁵⁵	⁵⁵	⁵⁵	⁵⁵	⁵⁵	3835:4
1480	i	1	b	p	p	b	b	p	p	p	b	p	3855:0
1481	n	1	æ	ɚ/ə̃	a	ᴇ/ɛ	æ	ã	a	ɚ/ə̃	a	ɛ	3855:1
1482	c	1	ŋ	-	-	-	-	-	n	-	ŋ	-	3855:2
1483	t	1	¹	²¹	²¹	²¹	¹²	²¹	²¹	²¹	³⁵	²¹	3855:3
1484	i	1	kʰ	kʰ	ʃʰ	tsʰ	ʈʂʰ	tɕʰ	kʰ	k	ʈʂʰ	kʰ	3866:0
1485	m	1	r	-	-	-	-	i/j	-	-	-	-	3866:1
1486	n	1	o	o	ɛ	ɿ	i	ɚ̃/ə̃	v/ʯ	u	ɚ/ə̃	v/ʯ	3866:2
1487	t	1	²	³³	²²	²²	²²	²²	³³	²²	³³	³³	3866:3
1488	i	1	sʰ	sʰ	s	Ø	s	s	s	ɕ	s	s	3885:0
1489	m	1	u/w	u/w	u/w	Ø	u/w	u/w	u/w	y/ɥ	u/w	u/w	3885:1
1490	n	1	ɛ	e	ɛ	Ø	ɛ	e	i	ɛ	e	e	3885:2
1491	t	1	⁴	⁴⁴	⁴⁴	Ø	⁴²	⁵⁵	⁴⁴	⁴⁴	⁴²	⁴⁴	3885:3
1492	i	1	dz	ts	Ø	ts	dz	Ø	Ø	ɣ	z	ts	3896:0
1493	n	1	i	i	Ø	i	i	Ø	Ø	ɚ/ə	i	i	3896:1
1494	t	1	¹	²¹	Ø	²¹	¹²	Ø	Ø	⁴⁴	³⁵	²¹	3896:2
1495	i	1	pʰ	pʰ	pʰ	pʰ	pʰ	pʰ	pʰ	pʰ	pʰ	pʰ	3907:0
1496	n	1	æ	ɚ/ə	a	æ	æ	a	a	ɚ/ə	a	ɛ	3907:1
1497	t	1	¹	⁵⁵	⁵⁵	²⁴	⁵⁵	⁵⁵	⁵⁵	⁵⁵	⁵⁵	⁵⁵	3907:2
1498	i	1	tʰ	Ø	Ø	Ø	tʰ	Ø	tʰ	Ø	tʰ	tʰ	3922:0
1499	n	1	u	Ø	Ø	Ø	y	Ø	u	Ø	o	u	3922:1
1500	c	1	-	Ø	Ø	Ø	-	Ø	-	Ø	ŋ	-	3922:2
1501	t	1	²	Ø	Ø	Ø	²²	Ø	³³	Ø	³³	³³	3922:3
1502	i	1	Ø	k	ts	ts	Ø	ʈʂ	k	Ø	ʈʂ	k	3932:0
1503	n	1	Ø	õ	e	i	Ø	ɚ/ə̃	ṽ/ʯ̃	Ø	ẽ	v/ʯ	3932:1
1504	t	1	Ø	⁵⁵	⁵⁵	²²	Ø	⁵⁵	⁵⁵	Ø	⁵⁵	³⁵	3932:2
1505	i	1	ts	ts	ts	ts	ts	ts	ts	ts	ts	ts	3942:0
1506	n	1	i	i	i	i	i	i	i	i	i	i	3942:1
1507	t	1	²	³³	²²	²²	²²	²²	³³	³³	³³	³³	3942:2
1508	i	1	tʰ	ʈʂʰ	tɕʰ	tʰ	tʰ	ʈ	tsʰ	tsʰ	tʰ	tsʰ	3953:0
1509	m	1	-	-	i/j	i/j	i/j	-	-	-	i/j	-	3953:1
1510	n	1	æ	ɚ/ə̃	a	æ	a	ã	a	ɚ/ə	a	ɛ	3953:2
1511	c	1	n	-	-	-	n	-	n	-	ŋ	-	3953:3
1512	t	1	¹	⁵⁵	⁵⁵	²⁴	⁵⁵	⁵⁵	⁵⁵	⁵⁵	⁵⁵	⁵⁵	3953:4
1513	i	1	χ	x	x	χ	h	x	x	Ø	x	x	3964:0
1514	n	1	æ	ɚ/ə̃	ã	æ	a	ã	a	Ø	a	ɛ	3964:1
1515	c	1	n	-	-	-	n	-	n	Ø	ŋ	-	3964:2
1516	t	1	¹	⁵⁵	⁵⁵	²⁴	⁵⁵	⁵⁵	⁵⁵	Ø	⁵⁵	⁵⁵	3964:3
1517	i	1	sʰ	sʰ	s	ɕ	s	Ø	s	s	s	s	3975:0
1518	m	1	u/w	u/w	u/w	y/ɥ	u/w	Ø	u/w	u/w	-	u/w	3975:1
1519	n	1	a	a	a	ᴇ/ɛ	a	Ø	ɑ̃	a	o	a	3975:2
1520	c	1	ŋ	ŋ	-	-	ŋ	Ø	-	ŋ	ŋ	-	3975:3
1521	t	1	¹	⁵⁵	⁵⁵	²⁴	⁵⁵	Ø	⁵⁵	⁵⁵	⁵⁵	⁵⁵	3975:4
1522	i	1	d	Ø	tɕ	d	d	Ø	Ø	Ø	d	t	3986:0
1523	n	1	o	Ø	a	o	o	Ø	Ø	Ø	o	ou	3986:1
1524	c	1	ŋ	Ø	-	-	ŋ	Ø	Ø	Ø	ŋ	-	3986:2
1525	t	1	¹	Ø	⁵⁵	²¹	¹²	Ø	Ø	Ø	³⁵	²¹	3986:3
1526	i	1	tsʰ	ʈʂʰ	tʰ	tʰ	tʰ	Ø	tsʰ	tɕʰ	tɕʰ	ts	3996:0
1527	m	1	r	-	-	-	u/w	Ø	-	-	-	-	3996:1
1528	n	1	i	i	o	o	a	Ø	i	i	i	i	3996:2
1529	t	1	¹	⁵⁵	⁴²	⁴³	⁴²	Ø	⁵⁵	⁵⁵	⁴²	⁵⁵	3996:3
1530	i	1	Ø	Ø	f	f	pf	f	Ø	Ø	f	Ø	3997:0
1531	n	1	Ø	Ø	ɛ	ᴇ/ɛ	u	e	Ø	Ø	ɚ/ə	Ø	3997:1
1532	t	1	Ø	Ø	⁵⁵	²⁴	¹²	⁵⁵	Ø	Ø	⁵⁵	Ø	3997:2
1533	i	1	ts	tɕ	Ø	ts	ts	Ø	ts	tɕ	ts	ts	4012:0
1534	m	1	u/w	-	Ø	u	u/w	Ø	u/w	-	u/w	u/w	4012:1
1535	n	1	ɛ	i	Ø	ᴇ/ɛ	ɛ	Ø	i	i	e	e	4012:2
1536	t	1	⁴	⁴⁴	Ø	⁵⁵	²⁴	Ø	⁴⁴	³¹	⁴²	⁴⁴	4012:3
1537	i	1	s	ɕ	ɕ	ɕ	s	ɕ	ɕ	ɕ	ɕ	ɕ	4023:0
1538	m	1	j	i/j	i/j	i/j	-	i	i/j	-	i/j	i/j	4023:1
1539	n	1	æ	ɚ̃/ə̃	a	æ	a	ã	a	ɚ/ə̃	a	ɛ	4023:2
1540	c	1	n	-	-	-	n	-	n	-	ŋ	-	4023:3
1541	t	1	¹	⁵⁵	⁵⁵	²⁴	⁵⁵	⁵⁵	⁵⁵	⁵⁵	⁵⁵	⁵⁵	4023:4
1542	i	1	d	ʈʂ	tɕ	d	dz	ʈ	ts	ts	d	ts	4034:0
1543	m	1	r	-	-	i/j	-	-	-	-	-	-	4034:1
1544	n	1	ɯ̃	ẽ	i	ɯ	ẽ	ɯ̃	ə̃	e	ĩ	ɯ	4034:2
1545	c	1	-	-	-	-	-	-	-	n	-	-	4034:3
1546	t	1	¹	³⁵	⁵⁵	²⁴	¹²	⁵⁵	⁵⁵	⁵⁵	⁵⁵	³⁵	4034:4
1547	i	1	p	p	p	p	Ø	p	p	p	Ø	p	4045:0
1548	n	1	u	u	ɯ	ɯ	Ø	u	u	ɯ	Ø	u	4045:1
1549	t	1	³	³¹	⁴²	⁴³	Ø	⁴²	³¹	²¹	Ø	⁴²	4045:2
1550	i	1	d	t	t	t	d	t	t	tʰ	Ø	t	4056:0
1551	n	1	a	a	a	a	a	a	ɑ	a	Ø	a	4056:1
1552	t	1	⁴	⁴²	⁴²	²¹	²¹	⁴²	⁴²	⁴²	Ø	⁴²	4056:2
1553	i	1	m	Ø	Ø	m	m	Ø	m	m	m	Ø	4069:0
1554	n	1	ø	Ø	Ø	o	u	Ø	õ	o	o	Ø	4069:1
1555	c	1	-	Ø	Ø	-	-	Ø	-	ŋ	-	Ø	4069:2
1556	t	1	²	Ø	Ø	²²	³³	Ø	³³	³³	³³	Ø	4069:3
1557	i	1	ɣ	k	q	q	q	q	Ø	Ø	d	k	4081:0
1558	m	1	u/w	u/w	u/w	u/w	u/w	u/w	Ø	Ø	u/w	u/w	4081:1
1559	n	1	a	a	a	a	a	a	Ø	Ø	ɔ	a	4081:2
1560	t	1	⁴	⁴²	⁴²	²¹	²¹	⁴²	Ø	Ø	⁴²	⁴²	4081:3
1561	i	1	p	p	tɕ	p	Ø	Ø	p	p	tɕ	p	4085:0
1562	m	1	r	i/j	-	i/j	Ø	Ø	i/j	i/j	i/j	i/j	4085:1
1563	n	1	ɔ	ou	o	o	Ø	Ø	o	o	ɔ	a	4085:2
1564	t	1	¹	³⁵	⁵⁵	²⁴	Ø	Ø	⁵⁵	⁵⁵	⁵⁵	³⁵	4085:3
1565	i	1	tʰ	ʈʂʰ	tɕʰ	tʰ	tsʰ	ʈʰ	tsʰ	Ø	tʰ	tsʰ	4102:0
1566	m	1	r	-	-	i	-	-	-	Ø	-	-	4102:1
1567	n	1	u	u	u	u	u	v/ʯ	u	Ø	v/ʯ	u	4102:2
1568	t	1	³	³¹	⁴²	⁴³	⁴²	⁴²	³¹	Ø	²¹	³¹	4102:3
1569	i	1	tʰ	ʈʂʰ	Ø	tʰ	tɕ	Ø	tsʰ	tsʰ	tʰ	tsʰ	4112:0
1570	m	1	r	-	Ø	i	y/ɥ	Ø	-	-	-	-	4112:1
1571	n	1	u	u	Ø	u	i	Ø	u	u	v/ʯ	u	4112:2
1572	t	1	²	-	Ø	²²	²²	Ø	³³	³³	³³	³³	4112:3
1573	i	1	r/w	u/w	Ø	Ø	Ø	Ø	u/w	Ø	Ø	Ø	4123:0
1574	n	1	u	ei	Ø	Ø	Ø	Ø	ei	Ø	Ø	Ø	4123:1
1575	t	1	⁴	⁵⁵	Ø	Ø	Ø	Ø	⁵⁵	Ø	Ø	Ø	4123:2
1576	i	1	Ø	Ø	z	z	ʐ	ʐ	Ø	Ø	ʐ	Ø	4124:0
1577	n	1	Ø	Ø	ɛ	ɿ	i	ɚ/ə	Ø	Ø	ɚ/ə	Ø	4124:1
1578	t	1	Ø	Ø	²²	²¹	²²	⁴²	Ø	Ø	⁴²	Ø	4124:2
1579	i	1	tsʰ	Ø	tsʰ	tsʰ	tsʰ	tsʰ	Ø	tsʰ	Ø	Ø	4135:0
1580	n	1	u	Ø	u	u	u	u	Ø	u	Ø	Ø	4135:1
1581	t	1	³	Ø	⁴²	⁴³	⁴²	⁴²	Ø	²¹	Ø	Ø	4135:2
1582	i	1	d	ʈʂ	tɕ	t	dz	ʈ	ts	tsʰ	d	ts	4143:0
1583	m	1	r	-	i	i	-	-	-	-	i	-	4143:1
1584	n	1	o	ou	u	u	u	o	ou	v/ʯ	u	ou	4143:2
1585	t	1	⁴	⁴²	⁴²	²¹	²¹	²¹	⁴²	⁴²	⁴²	⁴²	4143:3
1586	i	1	t	t	t	t	t	t	t	ts	t	m	4154:0
1587	m	1	u/w	u/w	-	y/ɥ	u/w	y/ɥ	u/w	u/w	u/w	i/j	4154:1
1588	n	1	e	e	i	ᴇ/ɛ	e	i	e	e	e	ou	4154:2
1589	c	1	n	n	-	-	n	-	n	n	-	-	4154:3
1590	t	1	¹	³⁵	⁵⁵	²⁴	⁵⁵	⁵⁵	⁵⁵	⁵⁵	⁵⁵	⁴²	4154:4
1591	i	1	b	p	Ø	b	Ø	Ø	p	b	Ø	p	4165:0
1592	m	1	r	-	Ø	-	Ø	Ø	-	-	Ø	-	4165:1
1593	n	1	i	i	Ø	i	Ø	Ø	i	i	Ø	i	4165:2
1594	t	1	³	³¹	Ø	⁴³	Ø	Ø	³¹	²¹	Ø	²¹	4165:3
1595	i	1	Ø	Ø	dʑ	Ø	dʑ	tɕ	Ø	Ø	ʑ	Ø	4166:0
1596	m	1	Ø	Ø	y/ɥ	Ø	-	y	Ø	Ø	-	Ø	4166:1
1597	n	1	Ø	Ø	i	Ø	y	ə̃	Ø	Ø	i	Ø	4166:2
1598	t	1	Ø	Ø	⁴²	Ø	⁴²	⁴²	Ø	Ø	²¹	Ø	4166:3
1599	i	1	tsʰ	Ø	tsʰ	tsʰ	ʈʂʰ	tɕʰ	Ø	tsʰ	ʈʂʰ	tʰ	4176:0
1600	m	1	r	Ø	-	-	-	-	Ø	-	-	-	4176:1
1601	n	1	e	Ø	ɛ	ɿ	ɚ/ə̃	ɚ/ə̃	Ø	e	ɚ/ə̃	a	4176:2
1602	c	1	n	Ø	-	-	-	-	Ø	n	-	-	4176:3
1603	t	1	²	Ø	²²	²²	²²	²²	Ø	³³	³³	⁵⁵	4176:4
1604	i	1	m	m	m	m	m	m	m	m	m	m	4185:0
1605	n	1	ɔ	õ	u	ɯ	o	o	õ	o	ɔ	ou	4185:1
1606	c	1	-	-	-	-	ŋ	-	-	-	-	-	4185:2
1607	t	1	⁴	⁴⁴	⁵⁵	⁵⁵	²⁴	⁵⁵	⁴⁴	⁴⁴	⁴²	⁵⁵	4185:3
1608	i	1	ts	tɕ	Ø	ts	tɕ	Ø	tɕ	tɕ	tɕ	tɕ	4196:0
1609	m	1	j	-	Ø	-	-	Ø	-	-	-	-	4196:1
1610	n	1	i	i	Ø	i	i	Ø	i	i	i	i	4196:2
1611	t	1	⁴	⁴⁴	Ø	⁵⁵	¹²	Ø	⁴⁴	⁴⁴	⁴²	⁵⁵	4196:3
1612	i	1	n	Ø	ɲ	ɲ	ɲ	ɲ	Ø	ɲ	Ø	Ø	4206:0
1613	m	1	j	Ø	-	-	-	-	Ø	i/j	Ø	Ø	4206:1
1614	n	1	i	Ø	i	i	i	i	Ø	ɛ	Ø	Ø	4206:2
1615	t	1	⁴	Ø	⁴⁴	⁵⁵	²⁴	⁵⁵	Ø	⁴⁴	Ø	Ø	4206:3
1616	m	1	Ø	ji/j	Ø	Ø	Ø	Ø	ji/j	Ø	ji/j	Ø	4205:0
1617	n	1	Ø	e	Ø	Ø	Ø	Ø	e	Ø	e	Ø	4205:1
1618	c	1	Ø	n	Ø	Ø	Ø	Ø	n	Ø	n	Ø	4205:2
1619	t	1	Ø	⁴⁴	Ø	Ø	Ø	Ø	⁴⁴	Ø	⁴²	Ø	4205:3
1620	i	1	ʁ	Ø	Ø	ʁ	ʁ	Ø	Ø	ɣ	Ø	Ø	4217:0
1621	n	1	a	Ø	Ø	a	a	Ø	Ø	a	Ø	Ø	4217:1
1622	c	1	ŋ	Ø	Ø	-	ŋ	Ø	Ø	ŋ	Ø	Ø	4217:2
1623	t	1	1b/¹	Ø	Ø	²¹	¹²	Ø	Ø	²¹	Ø	Ø	4217:3
1624	i	1	Ø	ŋ	ŋ	Ø	Ø	Ø	ŋ	Ø	ŋ	ŋ	4216:0
1625	n	1	Ø	a	a	Ø	Ø	Ø	ɑ̃	Ø	ɔ	a	4216:1
1626	t	1	Ø	²¹	²¹	Ø	Ø	Ø	²¹	Ø	³⁵	²¹	4216:2
1627	i	1	tsʰ	ʈʂʰ	tsʰ	tsʰ	ʈʂʰ	ʈʂʰ	tsʰ	tsʰ	ʈʂʰ	tsʰ	4227:0
1628	m	1	r	-	-	-	-	-	-	-	-	-	4227:1
1629	n	1	e	ɚ/ə̃	ɛ	ɿ	ɚ/ə̃	ɚ/ə	a	e	ɚ/ə̃	i	4227:2
1630	c	1	ŋ	-	-	-	-	-	n	n	-	-	4227:3
1631	t	1	¹	⁵⁵	⁵⁵	²⁴	⁵⁵	⁵⁵	⁵⁵	⁵⁵	⁵⁵	⁵⁵	4227:4
1632	i	1	d	ʈʂ	tɕ	tʲ	dz	ʈ	ts	ts	d	ts	4238:0
1633	m	1	r	-	-	-	-	-	-	-	j	-	4238:1
1634	n	1	ɔ	ou	o	o	ao	o	ou	o	ɔ	o	4238:2
1635	t	1	¹	²¹	²¹	²¹	¹²	²¹	²¹	²¹	³⁵	²¹	4238:3
1636	i	1	pʰ	pʰ	Ø	pʰ	Ø	Ø	Ø	pʰ	pʰ	pʰ	4260:0
1637	n	1	e	e	Ø	i	Ø	Ø	Ø	ɛ	o	e	4260:1
1638	t	1	¹	⁵⁵	Ø	²⁴	Ø	Ø	Ø	⁵⁵	⁵⁵	⁵⁵	4260:2
1639	i	1	Ø	Ø	tɕʰ	Ø	tɕ	tɕʰ	Ø	Ø	Ø	Ø	4261:0
1640	m	1	Ø	Ø	y/ɥ	Ø	i/j	y/ɥ	Ø	Ø	Ø	Ø	4261:1
1641	n	1	Ø	Ø	i	Ø	e	i	Ø	Ø	Ø	Ø	4261:2
1642	c	1	Ø	Ø	-	Ø	n	-	Ø	Ø	Ø	Ø	4261:3
1643	t	1	Ø	Ø	⁵⁵	Ø	⁵⁵	⁵⁵	Ø	Ø	Ø	Ø	4261:4
1644	i	1	Ø	Ø	Ø	Ø	Ø	Ø	-	Ø	-	tɕʰ	4284:0
1645	m	1	Ø	Ø	Ø	Ø	Ø	Ø	j	Ø	j	i/j	4284:1
1646	n	1	Ø	Ø	Ø	Ø	Ø	Ø	ẽ	Ø	ẽ	ɛ	4284:2
1647	t	1	Ø	Ø	Ø	Ø	Ø	Ø	²¹	Ø	³⁵	³³	4284:3
1648	i	1	Ø	Ø	ɲ	ɲ	ɲ	ɲ	Ø	ɲ	Ø	Ø	4283:0
1649	m	1	Ø	Ø	-	i	-	-	Ø	i	Ø	Ø	4283:1
1650	n	1	Ø	Ø	i	ə	e	i	Ø	əɯ	Ø	Ø	4283:2
1651	t	1	Ø	Ø	²¹	²¹	¹²	²¹	Ø	²¹	Ø	Ø	4283:3
1652	i	1	tɕ	tɕ	tɕ	tɕ	tɕ	tɕ	tɕ	tɕ	tɕ	tɕ	4293:0
1653	m	1	-	i/j	-	-	i/j	-	i/j	-	-	-	4293:1
1654	n	1	e	e	i	i	e	ĩ	e	ĩ	e	e	4293:2
1655	c	1	n	n	-	-	n	-	n	-	n	-	4293:3
1656	t	1	¹	³⁵	⁵⁵	²⁴	²²	⁵⁵	⁵⁵	⁵⁵	⁵⁵	³⁵	4293:4
1657	i	1	ɖʐ	ʈʂ	tɕ	tɕ	dz	tɕ	ts	tsʰ	ʐ	ts	4304:0
1658	m	1	-	-	i	i/j	-	i/j	-	-	-	-	4304:1
1659	n	1	o	õ	u	o	ao	o	ṽ/ʯ̃	u	y	v/ʯ	4304:2
1660	t	1	⁴	⁴²	⁴²	²¹	²¹	²¹	⁴²	²¹	⁴²	⁴²	4304:3
1661	i	1	d	t	t	d	d	ɖ	t	d	d	t	4315:0
1662	m	1	j	-	-	-	-	-	-	-	-	-	4315:1
1663	n	1	o	õ	o	o	o	ɯ	õ	o	o	o	4315:2
1664	c	1	ŋ	-	-	-	ŋ	-	-	ŋ	ŋ	-	4315:3
1665	t	1	²	³³	²²	²²	³³	²²	³³	³³	³³	³³	4315:4
1666	i	1	ɣ	k	Ø	ɣ	ɣ	q	k	k	Ø	k	4326:0
1667	n	1	ɯ	ẽ	Ø	ɯ	e	ɯ̃	ẽ	əɯ	Ø	ɯ	4326:1
1668	t	1	²	³³	Ø	²²	²²	⁴²	³³	³³	Ø	³³	4326:2
1669	i	1	d	ts	t	ts	d	d	ts	d	d	ts	4336:0
1670	m	1	j	-	-	-	-	i/j	-	-	-	-	4336:1
1671	n	1	ɛ	ẽ	i	ɿ	ɛ	e	ɯ	e	e	ɯ	4336:2
1672	c	1	-	-	-	-	-	-	-	n	-	-	4336:3
1673	t	1	⁵	⁴²	⁴²	²¹	⁴²	⁴²	⁴²	²¹	²¹	⁴²	4336:4
1674	i	1	m	m	m	Ø	Ø	m	m	Ø	m	m	4347:0
1675	n	1	i	i	i	Ø	Ø	i	i	Ø	i	i	4347:1
1676	t	1	²	³³	²²	Ø	Ø	²²	³³	Ø	³³	³³	4347:2
1677	i	1	tsʰ	tɕʰ	tsʰ	Ø	Ø	tsʰ	tɕʰ	tɕʰ	tɕʰ	tɕʰ	4357:0
1678	n	1	e	i	i	Ø	Ø	e	i	i	i	i	4357:1
1679	t	1	³	³¹	⁴²	Ø	Ø	⁴²	³¹	²¹	¹²¹	³¹	4357:2
1680	i	1	-	tɕʰ	Ø	Ø	tɕʰ	Ø	tɕʰ	Ø	tɕʰ	Ø	4366:0
1681	m	1	-	i/j	Ø	Ø	i/j	Ø	i/j	Ø	i/j	Ø	4366:1
1682	n	1	e	e	Ø	Ø	a	Ø	e	Ø	e	Ø	4366:2
1683	c	1	n	n	Ø	Ø	n	Ø	n	Ø	n	Ø	4366:3
1684	t	1	¹	⁵⁵	Ø	Ø	⁵⁵	Ø	⁵⁵	Ø	⁵⁵	Ø	4366:4
1685	i	1	Ø	Ø	tsʰ	tsʰ	Ø	tɕʰ	Ø	tɕʰ	Ø	tɕʰ	4367:0
1686	n	1	Ø	Ø	i	i	Ø	ĩ	Ø	ĩ	Ø	i	4367:1
1687	t	1	Ø	Ø	⁵⁵	²⁴	Ø	⁵⁵	Ø	⁵⁵	Ø	⁵⁵	4367:2
1688	i	1	x	x	x	x	x	x	s	x	x	x	4377:0
1689	n	1	ɯ	ou	ɯ	ɯ	ɯ	ɯ	ou	ɯ	ɯ	ɯ	4377:1
1690	t	1	³³	³⁵	²²	²²	²²	²²	⁴⁴	³³	²²	³³	4377:2
1691	i	1	sʰ	sʰ	s	s	s	s	s	s	s	s	4400:0
1692	n	1	a	ã	o	a	a	ã	ɑ̃	a	a	a	4400:1
1693	c	1	ŋ	-	-	-	ŋ	-	-	ŋ	ŋ	-	4400:2
1694	t	1	¹	⁵⁵	⁵⁵	²⁴	²⁴	⁵⁵	⁵⁵	⁵⁵	⁵⁵	⁵⁵	4400:3
1695	i	1	x	x	x	x	h	x	x	x	x	x	4411:0
1696	n	1	e	e	ẽ	ᴇ/ɛ	e	ẽ	e	e	e	e	4411:1
1697	c	1	n	n	-	-	n	-	n	n	n	-	4411:2
1698	t	1	¹	⁵⁵	⁵⁵	²⁴	⁵⁵	⁵⁵	⁵⁵	⁵⁵	⁵⁵	⁵⁵	4411:3
1699	i	1	Ø	m	m	m	m	m	m	m	m	m	4412:0
1700	n	1	Ø	ɚ/ə	a	æ	æ	a	a	ɚ/ə	a	ɛ	4412:1
1701	c	1	Ø	-	-	-	-	-	n	-	-	-	4412:2
1702	t	1	Ø	²¹	²¹	²¹	¹²	²¹	²¹	²¹	³⁵	²¹	4412:3
1703	i	1	b	Ø	Ø	f	b	Ø	Ø	pʰ	v	p	4433:0
1704	m	1	j	Ø	Ø	-	w	Ø	Ø	-	-	-	4433:1
1705	n	1	o	Ø	Ø	o	ɯ	Ø	Ø	ɯ	ɚ/ə	ɛ	4433:2
1706	t	1	⁴	Ø	Ø	²¹	²¹	Ø	Ø	⁴²	⁴²	²¹	4433:3
1707	i	1	ŋ	u/w	ŋ	u/w	u/w	Ø	u/w	v	u/w	u/w	4452:0
1708	m	1	u/w	-	u/w	-	-	Ø	-	-	-	-	4452:1
1709	n	1	æ	ɚ/ə	a	æ	ɛ	Ø	a	ɚ/ə	a	ɛ	4452:2
1710	c	1	-	-	-	-	-	Ø	n	-	-	-	4452:3
1711	t	1	⁵	⁴²	⁴²	⁴	⁴²	Ø	⁴²	³¹	²¹	⁴²	4452:4
1712	i	1	b	p	Ø	b	b	Ø	p	p	b	p	4462:0
1713	n	1	æ	ɚ/ə̃	Ø	æ	a	Ø	a	ɚ/ə̃	a	ɛ	4462:1
1714	c	1	n	-	Ø	-	n	Ø	n	-	ŋ	-	4462:2
1715	t	1	³	³¹	Ø	⁴³	⁴²	Ø	³¹	²¹	²¹	²¹	4462:3
1716	i	1	t	t	Ø	Ø	t	Ø	Ø	t	t	Ø	4473:0
1717	n	1	u	u	Ø	Ø	u	Ø	Ø	v/ʯ	v/ʯ	Ø	4473:1
1718	t	1	²	³³	Ø	Ø	²²	Ø	Ø	²¹	³³	Ø	4473:2
1719	i	1	Ø	Ø	s	s	Ø	s	tsʰ	t	Ø	Ø	4474:0
1720	n	1	Ø	Ø	o	a	Ø	o	i	ɚ/ə	Ø	Ø	4474:1
1721	t	1	Ø	Ø	⁵⁵	⁵⁵	Ø	⁵⁵	⁵⁵	⁵⁵	Ø	Ø	4474:2
1722	i	1	Ø	Ø	p	b	Ø	p	p	Ø	Ø	Ø	4475:0
1723	n	1	Ø	Ø	u	o	Ø	u	ɔ	Ø	Ø	Ø	4475:1
1724	t	1	Ø	Ø	⁵⁵	²⁴	Ø	⁵⁵	⁵⁵	Ø	Ø	Ø	4475:2
1725	i	1	b	Ø	Ø	Ø	b	Ø	Ø	p	b	Ø	4491:0
1726	n	1	e	Ø	Ø	Ø	i	Ø	Ø	ɛ	i	Ø	4491:1
1727	t	1	²	Ø	Ø	Ø	²²	Ø	Ø	²²	³³	Ø	4491:2
1728	i	1	Ø	t	Ø	t	Ø	Ø	t	Ø	Ø	Ø	4488:0
1729	n	1	Ø	ã	Ø	a	Ø	Ø	ɑ̃	Ø	Ø	Ø	4488:1
1730	t	1	Ø	⁴²	Ø	²²	Ø	Ø	³¹	Ø	Ø	Ø	4488:2
1731	i	1	tʰ	Ø	Ø	tʰ	tʰ	tʰ	Ø	tʰ	tʰ	Ø	4501:0
1732	n	1	ɯ̃	Ø	Ø	ɯ	æ	ɯ̃	Ø	ɯ	ɯ	Ø	4501:1
1733	t	1	⁴	Ø	Ø	⁵⁵	²⁴	⁵⁵	Ø	⁴⁴	⁴²	Ø	4501:2
1734	i	1	tɕ	tɕ	tɕ	tɕ	ts	tɕ	tɕ	tɕ	tʰ	tɕ	4500:0
1735	m	1	-	i/j	i/j	-	-	i/j	i/j	-	-	i/j	4500:1
1736	n	1	æ	ɚ/ə	a	æ	æ	a	a	ɚ/ə	ɯ	ɛ	4500:2
1737	t	1	¹	⁴⁴	⁴⁴	⁵⁵	²⁴	⁴⁴	⁴⁴	⁴⁴	⁴²	⁵⁵	4500:3
1738	i	1	ʂ	ʂ	Ø	x	ɕ	Ø	Ø	s	Ø	s	4522:0
1739	n	1	u	u	Ø	u	y	Ø	Ø	v/ʯ	Ø	u	4522:1
1740	t	1	¹	⁵⁵	Ø	²⁴	⁵⁵	Ø	Ø	⁵⁵	Ø	⁵⁵	4522:2
1741	i	1	n	Ø	Ø	Ø	Ø	-	-	Ø	-	ɲ	4525:0
1742	m	1	j	Ø	Ø	Ø	Ø	j	j	Ø	j	i/j	4525:1
1743	n	1	i	Ø	Ø	Ø	Ø	i	ĩ	Ø	e	ɯ	4525:2
1744	c	1	-	Ø	Ø	Ø	Ø	-	-	Ø	n	-	4525:3
1745	t	1	²	Ø	Ø	Ø	Ø	⁵⁵	³³	Ø	³³	³³	4525:4
1746	i	1	m	Ø	m	m	m	m	Ø	m	m	m	4537:0
1747	n	1	ɯ	Ø	ɯ	ɯ	u	ɯ	Ø	əɯ	ɯ	ɯ	4537:1
1748	t	1	²	Ø	²²	²²	²²	²²	Ø	³³	³³	³³	4537:2
1749	i	1	s	ʂ	ɕ	Ø	Ø	ɕ	s	s	ʂ	s	4548:0
1750	m	1	r	-	i	Ø	Ø	i	-	-	-	-	4548:1
1751	n	1	o	o	u	Ø	Ø	u	ṽ/ʯ̃	u	v/ʯ	v/ʯ	4548:2
1752	t	1	⁵	⁴²	⁴²	Ø	Ø	⁴²	³¹	³¹	²¹	³¹	4548:3
1753	i	1	qʰ	kʰ	k	qʰ	qʰ	k	kʰ	kʰ	qʰ	kʰ	4557:0
1754	n	1	ɔ	ou	v/ʯ	o	ao	v/ʯ	ou	ə	ɔ	o	4557:1
1755	t	1	¹	⁵⁵	⁴²	²⁴	⁵⁵	⁴²	⁵⁵	⁵⁵	⁵⁵	⁵⁵	4557:2
1756	i	1	d	Ø	t	d	Ø	t	Ø	Ø	Ø	t	4571:0
1757	m	1	u/w	Ø	u/w	u/w	Ø	u/w	Ø	Ø	Ø	u/w	4571:1
1758	n	1	a	Ø	a	a	Ø	a	Ø	Ø	Ø	a	4571:2
1759	t	1	⁴	Ø	⁴²	²¹	Ø	⁴²	Ø	Ø	Ø	⁴²	4571:3
1760	i	1	q	k	q	q	Ø	q	k	kʰ	q	k	4581:0
1761	n	1	ɯ	ɯ	ɯ	ɯ	Ø	ɯ	ɯ	v/ʯ	ɚ/ə	ɯ	4581:1
1762	t	1	¹	³⁵	⁵⁵	²⁴	Ø	⁵⁵	⁵⁵	⁵⁵	⁵⁵	⁵⁵	4581:2
1763	i	1	n	-	Ø	ɲ	-	Ø	-	-	-	-	4591:0
1764	m	1	j	j	Ø	i/j	j	Ø	j	j	j	j	4591:1
1765	n	1	o	o	Ø	o	o	Ø	õ	o	v/ʯ	ou	4591:2
1766	c	1	ŋ	ŋ	Ø	-	ŋ	Ø	-	ŋ	ŋ	-	4591:3
1767	t	1	²	³³	Ø	²²	²²	Ø	³³	³³	³³	⁴⁴	4591:4
1768	i	1	ɣ	ɣ	Ø	Ø	ɣ	ɣ	ɣ	ɣ	ɣ	ɣ	4602:0
1769	n	1	ɯ	ɯ	Ø	Ø	ɯ	ɯ	ə	ɯ	ɯ	ɯ	4602:1
1770	t	1	³	³¹	Ø	Ø	⁴²	²¹	³¹	²¹	²¹	³¹	4602:2
1771	i	1	b	v	v	v	b	Ø	Ø	p	v	ɕ	4613:0
1772	m	1	j	-	-	-	v	Ø	Ø	-	-	i/j	4613:1
1773	n	1	ɛ	õ	ɛ	ᴇ/ɛ	u	Ø	Ø	i	ɚ/ə	ou	4613:2
1774	t	1	²	³³	²²	²²	²²	Ø	Ø	³³	³³	³³	4613:3
1775	i	1	n	Ø	n	n	n	n	n	Ø	n	n	4625:0
1776	n	1	o	Ø	õ	o	o	o	ṽ/ʯ̃	Ø	o	o	4625:1
1777	c	1	ŋ	Ø	-	-	ŋ	ŋ	-	Ø	ŋ	-	4625:2
1778	t	1	⁵	Ø	⁴²	⁴³	⁴²	⁴²	⁴²	Ø	²¹	⁴²	4625:3
1779	i	1	b	Ø	p	Ø	Ø	p	p	pʰ	Ø	p	4647:0
1780	n	1	ɛ	Ø	ɛ	Ø	Ø	e	e	ɛ	Ø	e	4647:1
1781	t	1	⁴	Ø	⁴²	Ø	Ø	⁴²	⁴²	⁴²	Ø	⁴²	4647:2
1782	i	1	Ø	tɕʰ	Ø	tɕʰ	tsʰ	Ø	Ø	Ø	tɕʰ	Ø	4646:0
1783	m	1	Ø	i/j	Ø	i/j	-	Ø	Ø	Ø	i/j	Ø	4646:1
1784	n	1	Ø	ɚ/ə	Ø	o	a	Ø	Ø	Ø	a	Ø	4646:2
1785	t	1	Ø	⁴⁴	Ø	⁴³	²⁴	Ø	Ø	Ø	⁴²	Ø	4646:3
1786	i	1	b	p	Ø	p	b	Ø	p	p	b	p	4657:0
1787	n	1	æ	ə	Ø	æ	æ	Ø	ɑ	ɚ/ə	a	ɛ	4657:1
1788	t	1	¹	²¹	Ø	²¹	¹²	Ø	⁴⁴	²¹	³⁵	²¹	4657:2
1789	i	1	tʰ	ʈʂʰ	Ø	tʰ	ʈʂʰ	ʈʰ	tsʰ	tsʰ	tʰ	ʈʂ	4676:0
1790	m	1	r	-	Ø	i	-	-	-	-	-	-	4676:1
1791	n	1	u	u	Ø	u	y	u	u	u	v/ʯ	v/ʯ	4676:2
1792	t	1	¹	⁵⁵	Ø	²⁴	⁵⁵	⁵⁵	⁵⁵	⁵⁵	⁵⁵	⁵⁵	4676:3
1793	n	1	ɔ	ou	o	u	Ø	u	ou	o	o	ou	4708:0
1794	t	1	⁴	⁴⁴	⁵⁵	⁵⁵	Ø	⁵⁵	⁴⁴	⁴⁴	⁴²	⁴⁴	4708:1
1795	i	1	q	k	q	q	q	q	k	k	q	k	4720:0
1796	n	1	æ	e	a	æ	ɛ	a	i	ĩ	a	ɛ	4720:1
1797	c	1	n	-	-	-	-	-	-	-	n	-	4720:2
1798	t	1	¹	⁵⁵	⁴⁴	²⁴	⁵⁵	⁵⁵	⁵⁵	⁵⁵	⁵⁵	⁵⁵	4720:3
1799	i	1	d	ʈʂ	t	tʲ	d	ʈ	ts	tsʰ	d	ts	4731:0
1800	m	1	r	-	-	-	j	-	-	-	-	-	4731:1
1801	n	1	ɛ	e	i	ᴇ/ɛ	ɛ	ɚ/ə	e	ɛ	e	e	4731:2
1802	t	1	⁴	⁴²	²¹	²¹	²¹	⁴²	⁴²	⁴²	⁴²	⁴²	4731:3
1803	i	1	ts	ts	tɕ	tɕ	ts	ts	ts	ts	ts	Ø	4742:0
1804	m	1	-	-	i/j	i/j	-	-	-	-	-	Ø	4742:1
1805	n	1	u	o	o	a	i	õ	ṽ/ʯ̃	o	v/ʯ	Ø	4742:2
1806	c	1	ŋ	-	-	-	-	-	-	ŋ	ŋ	Ø	4742:3
1807	t	1	¹	¹³	⁵⁵	⁵⁵	²²	⁵⁵	⁵⁵	⁵⁵	⁵⁵	Ø	4742:4
1808	i	1	Ø	f	Ø	f	pf	Ø	f	Ø	f	f	4752:0
1809	n	1	Ø	v/ʯ	Ø	ᴇ/ɛ	u	Ø	v/ʯ	Ø	ɚ/ə	v/ʯ	4752:1
1810	t	1	Ø	⁵⁵	Ø	²⁴	⁵⁵	Ø	⁵⁵	Ø	⁵⁵	⁵⁵	4752:2
1811	i	1	d	ʈʂ	dʑ	d	ɖʐ	ɖ	ts	dz	d	ts	4763:0
1812	m	1	r	-	-	i/j	-	-	-	-	i/j	-	4763:1
1813	n	1	ɯ	ɯ	i	ɯ	i	ɯ	ɯ	əɯ	ɯ	ɯ	4763:2
1814	t	1	³	²¹	⁴²	⁴³	⁴²	⁴²	³¹	²¹	²¹	³¹	4763:3
1815	i	1	d	t	t	t	t	k	t	t	d	s	4774:0
1816	m	1	u/w	u/w	-	y/ɥ	y/ɥ	u/w	u/w	-	u/w	-	4774:1
1817	n	1	ɛ	i	i	i	ɛ	e	i	ɛ	e	ɯ	4774:2
1818	t	1	⁵	⁴²	⁴²	⁴³	⁴²	⁵⁵	⁴²	⁴²	²¹	³³	4774:3
1819	i	1	ɖʐ	ʈʂ	z	tɕ	z	z	ts	ts	ʐ	ts	4787:0
1820	m	1	u/w	u/w	y/ɥ	y/ɥ	y/ɥ	y/ɥ	u/w	u/w	y/ɥ	u/w	4787:1
1821	n	1	e	e	ɛ	ᴇ/ɛ	e	e	e	a	e	e	4787:2
1822	c	1	n	n	-	-	n	-	n	n	n	-	4787:3
1823	t	1	?/⁵	⁴²	⁴²	⁴³	⁴²	⁴²	⁴²	⁴²	²¹	⁴²	4787:4
1824	i	1	tɕ	Ø	Ø	tɕ	tɕ	tɕ	Ø	tɕ	tɕ	k	4798:0
1825	n	1	u	Ø	Ø	i	i	i	Ø	i	ɯ	u	4798:1
1826	t	1	¹	Ø	Ø	²⁴	²²	⁵⁵	Ø	⁵⁵	⁵⁵	⁵⁵	4798:2
1827	i	1	k	Ø	Ø	k	k	k	Ø	k	k	k	4799:0
1828	n	1	ɯ	Ø	Ø	ɯ	ɯ	ɯ	Ø	əɯ	ɯ̃	u	4799:1
1829	t	1	¹	Ø	Ø	²⁴	¹²	⁵⁵	Ø	⁵⁵	⁰	³¹	4799:2
1830	i	1	n	n	Ø	n	n	Ø	n	n	n	n	4815:0
1831	n	1	e	e	Ø	ᴇ/ɛ	ɛ	Ø	e	e	e	e	4815:1
1832	t	1	⁴	⁴⁴	Ø	⁵⁵	⁵⁵	Ø	⁴⁴	⁴⁴	⁴²	⁴⁴	4815:2
1833	i	1	ts	Ø	Ø	Ø	Ø	Ø	ts	ts	Ø	ts	4834:0
1834	m	1	u/w	Ø	Ø	Ø	Ø	Ø	u/w	u/w	Ø	u/w	4834:1
1835	n	1	ɛ	Ø	Ø	Ø	Ø	Ø	i	ɛ	Ø	e	4834:2
1836	t	1	⁴	Ø	Ø	Ø	Ø	Ø	⁴⁴	⁴⁴	Ø	⁴⁴	4834:3
1837	i	1	tsʰ	tsʰ	tsʰ	tsʰ	Ø	tsʰ	tsʰ	tsʰ	tsʰ	tsʰ	4844:0
1838	n	1	o	ou	o	u	Ø	o	ou	o	u	o	4844:1
1839	t	1	⁴	³³	⁵⁵	⁵⁵	Ø	⁵⁵	⁴⁴	⁴⁴	⁴²	⁴⁴	4844:2
1840	i	1	k	k	k	k	k	k	k	k	kp/k	k	4854:0
1841	n	1	o	o	v/ʯ	u	o	o	õ	o	ə	ou	4854:1
1842	c	1	ŋ	ŋ	-	-	ŋ	ŋ	-	ŋ	ŋ	-	4854:2
1843	t	1	²	³³	³³	²²	³³	³³	³³	³³	³³	³³	4854:3
1844	i	1	ɣ	tɕ	q	q	q	g	tɕ	k	q	tɕ	4866:0
1845	m	1	-	i/j	-	-	-	-	-	-	-	-	4866:1
1846	n	1	ɯ̃	ou	ɯ	ɯ	ɯ	ɯ̃	ou	əɯ	ɯ	ou	4866:2
1847	t	1	²	⁵⁵	²²	²²	²²	²²	⁵⁵	³³	³³	⁵⁵	4866:3
1848	i	1	tʰ	tʰ	tʰ	Ø	tʰ	ʈʰ	tʰ	tsʰ	tʰ	tsʰ	4879:0
1849	m	1	j	-	-	Ø	u/w	-	-	-	-	-	4879:1
1850	n	1	e	e	o	Ø	a	ɚ/ə	e	u	i	u	4879:2
1851	t	1	⁴	³³	⁵⁵	Ø	²²⁴	⁵⁵	⁴⁴	³³	⁴²	³³	4879:3
1852	i	1	ʈ	Ø	Ø	t	Ø	ʈ	ts	ts	t	ts	4891:0
1853	m	1	-	Ø	Ø	i/j	Ø	-	-	-	i/j	-	4891:1
1854	n	1	ɯ	Ø	Ø	ɯ	Ø	ɯ	ɯ	əɯ	ɯ	ɯ	4891:2
1855	t	1	²	Ø	Ø	²²	Ø	²²	³³	³³	³³	³³	4891:3
1856	i	1	g	Ø	g	g	g	g	Ø	k	g	k	4900:0
1857	n	1	ɯ̃	Ø	ɯ	ɯ	ɯ	ɯ̃	Ø	əɯ	e	ɯ	4900:1
1858	c	1	-	Ø	-	-	-	-	Ø	-	ŋ	-	4900:2
1859	t	1	³	Ø	⁴²	⁴³	⁴²	⁴²	Ø	²¹	²¹	³¹	4900:3
1860	i	1	k	k	Ø	k	Ø	k	k	k	k	k	4909:0
1861	n	1	a	ã	Ø	a	Ø	ã	ɑ̃	a	a	a	4909:1
1862	c	1	ŋ	-	Ø	-	Ø	-	-	ŋ	ŋ	-	4909:2
1863	t	1	¹	³⁵	Ø	²⁴	Ø	⁵⁵	⁵⁵	⁵⁵	⁵⁵	³⁵	4909:3
1864	i	1	tsʰ	tsʰ	tsʰ	tsʰ	tsʰ	tsʰ	tsʰ	tsʰ	tsʰ	tsʰ	4918:0
1865	n	1	ɯ	ɯ	i	ɿ	e	ɯ	ɯ	əɯ	i	ɯ	4918:1
1866	t	1	³	³¹	⁴²	⁴³	⁴²	⁴²	³¹	²¹	²¹	³¹	4918:2
1867	m	1	j	j	j	j	j	Ø	j	j	j	j	4929:0
1868	n	1	ɯ	ɯ	i	ɯ	i	Ø	ɯ	ou	ɯ	ɯ	4929:1
1869	t	1	1b/¹	²¹	²¹	²¹	¹²	Ø	²¹	²¹	³⁵	²¹	4929:2
1870	i	1	t	t	t	t	t	t	t	ts	t	t	4940:0
1871	m	1	u/w	u/w	-	y/ɥ	y/ɥ	y/ɥ	u/w	u/w	u/w	u/w	4940:1
1872	n	1	e	e	o	ᴇ/ɛ	e	i	e	e	e	e	4940:2
1873	c	1	n	n	-	-	n	-	n	n	-	-	4940:3
1874	t	1	¹	³⁵	⁵⁵	²⁴	⁵⁵	⁵⁵	⁵⁵	⁵⁵	⁵⁵	³⁵	4940:4
1875	m	1	j	j	j	Ø	j	Ø	j	j	j	j	4952:0
1876	n	1	ɯ	ɯ	i	Ø	u	Ø	ɯ	i	u	ɯ	4952:1
1877	t	1	⁴	⁴⁴	²²	Ø	²⁴	Ø	⁴⁴	⁴²	⁴²	⁴⁴	4952:2
1878	i	1	kʰ	Ø	Ø	Ø	qʰ	Ø	Ø	kʰ	kʰ	kʰ	4967:0
1879	m	1	u/w	Ø	Ø	Ø	u/w	Ø	Ø	u/w	u/w	u/w	4967:1
1880	n	1	ɛ	Ø	Ø	Ø	ɛ	Ø	Ø	i	ɛ	i	4967:2
1881	t	1	²	Ø	Ø	Ø	²²	Ø	Ø	³³	³³	⁴⁴	4967:3
1882	i	1	Ø	t	tɕʰ	Ø	Ø	tɕʰ	tɕʰ	Ø	Ø	Ø	4965:0
1883	m	1	Ø	-	-	Ø	Ø	-	i/j	Ø	Ø	Ø	4965:1
1884	n	1	Ø	ã	a	Ø	Ø	a	a	Ø	Ø	Ø	4965:2
1885	t	1	Ø	⁴²	⁴⁴	Ø	Ø	⁴⁴	⁴⁴	Ø	Ø	Ø	4965:3
1886	i	1	d	tʲ	t	t	t	t	t	t	t	t	4976:0
1887	m	1	j	-	-	-	-	-	-	-	-	-	4976:1
1888	n	1	ɯ	ɯ	ɯ	ə	i	ɯ	ə	əɯ	ɯ	ɯ	4976:2
1889	t	1	²	⁴⁴	⁴⁴	⁵⁵	²⁴	⁵⁵	⁴⁴	⁴⁴	⁴²	⁴⁴	4976:3
1890	i	1	ŋ	-	Ø	Ø	Ø	ɲ	-	ɲ	-	ɲ	4987:0
1891	m	1	i/j	j	Ø	Ø	Ø	-	j	i/j	j	i/j	4987:1
1892	n	1	o	*/ə	Ø	Ø	Ø	u	õ	o	v/ʯ	ou	4987:2
1893	c	1	ŋ	ŋ	Ø	Ø	Ø	-	-	ŋ	ŋ	-	4987:3
1894	t	1	⁴	⁴⁴	Ø	Ø	Ø	⁴²	⁴⁴	⁵⁵	⁴²	⁴⁴	4987:4
1895	i	1	Ø	Ø	ts	ts	ts	Ø	Ø	Ø	Ø	Ø	4988:0
1896	n	1	Ø	Ø	o	a	ao	Ø	Ø	Ø	Ø	Ø	4988:1
1897	t	1	Ø	Ø	⁴²	²¹	²¹	Ø	Ø	Ø	Ø	Ø	4988:2
1898	i	1	ɕ	ɕ	ɕ	ɕ	ɕ	ɕ	ɕ	ɕ	ɕ	ɕ	4998:0
1899	m	1	u/w	i/j	y/ɥ	y/ɥ	-	y/ɥ	y/ɥ	y/ɥ	y/ɥ	y/ɥ	4998:1
1900	n	1	i	ui	i	i	y	i	i	i	i	i	4998:2
1901	t	1	²	³³	²²	²²	²²	²²	³³	³³	³³	³³	4998:3
1902	i	1	tsʰ	tɕʰ	Ø	tɕ	tsʰ	Ø	tɕʰ	tɕʰ	tɕʰ	tɕʰ	5009:0
1903	m	1	j	i/j	Ø	i/j	-	Ø	i/j	-	i/j	i/j	5009:1
1904	n	1	æ	ɚ̃/ə̃	Ø	æ	a	Ø	a	ɚ/ə̃	a	ɛ	5009:2
1905	c	1	n	-	Ø	-	n	Ø	n	-	ŋ	-	5009:3
1906	t	1	¹	⁵⁵	Ø	²⁴	⁵⁵	Ø	⁵⁵	⁵⁵	⁵⁵	⁵⁵	5009:4
1907	i	1	s	Ø	s	s	ʂ	ʂ	s	Ø	ʂ	Ø	5019:0
1908	m	1	r	Ø	-	-	-	-	-	Ø	-	Ø	5019:1
1909	n	1	e	Ø	ɛ	ɿ	i	ɚ/ə	a	Ø	ɚ/ə̃	Ø	5019:2
1910	c	1	ŋ	Ø	-	-	-	-	n	Ø	-	Ø	5019:3
1911	t	1	¹	Ø	⁵⁵	²⁴	⁵⁵	⁵⁵	⁵⁵	Ø	⁵⁵	Ø	5019:4
1912	i	1	ʈ	ʈʂ	tɕ	tʲ	ts	ʈ	ts	ts	t	Ø	5027:0
1913	m	1	-	-	-	-	-	-	-	-	i	Ø	5027:1
1914	n	1	o	ou	u	u	u	u	ou	o	u	Ø	5027:2
1915	t	1	⁴	³³	⁵⁵	⁵⁵	²⁴	⁵⁵	⁴⁴	⁴⁴	⁴²	Ø	5027:3
1916	i	1	tʲ	t	t	t	d	t	t	t	t	t	5037:0
1917	m	1	-	-	-	-	-	-	-	-	i/j	-	5037:1
1918	n	1	ɯ	ə	ɯ	ɚ/ə	i	ẽ	ə̃	ɯ	ɯ	ɯ	5037:2
1919	c	1	-	n	-	-	-	-	-	-	-	-	5037:3
1920	t	1	⁵	⁴²	⁴²	⁴³	²⁴	⁴²	⁴²	⁴²	²⁴	⁴²	5037:4
1921	i	1	ʈ	ʈʂʰ	tɕ	t	ʈʂ	ʈ	ts	tsʰ	tʲ	tsʰ	5048:0
1922	m	1	-	-	-	i/j	-	-	-	-	-	-	5048:1
1923	n	1	ɯ	ɚ/ə̃	i	ɯ	i	ɯ	i	e	ɯ	i	5048:2
1924	c	1	-	-	-	-	-	-	-	n	-	-	5048:3
1925	t	1	⁴	⁵⁵	⁴⁴	⁵⁵	²⁴	⁵⁵	⁵⁵	⁵⁵	⁴²	⁵⁵	5048:4
1926	i	1	tsʰ	tɕʰ	tsʰ	Ø	tɕʰ	tsʰ	tɕʰ	tsʰ	tɕ	tɕʰ	5059:0
1927	m	1	u/w	y/ɥ	u/w	Ø	y/ɥ	u/w	y/ɥ	u/w	i/j	iu/ɥ	5059:1
1928	n	1	e	e	ɛ	Ø	e	ẽ	ẽ	e	e	e	5059:2
1929	c	1	n	n	-	Ø	n	-	-	n	n	-	5059:3
1930	t	1	¹	⁵⁵	⁵⁵	Ø	⁵⁵	⁵⁵	⁵⁵	⁵⁵	⁵⁵	⁵⁵	5059:4
1931	i	1	m	m	m	m	m	m	m	m	m	m	5071:0
1932	n	1	ɯ	ə̃	ɯ	ɯ	o	ɯ	ə̃	ə̃ɯ	ɯ	ɯ	5071:1
1933	c	1	-	-	-	-	ŋ	-	-	-	-	-	5071:2
1934	t	1	⁴	⁴⁴	⁵⁵	⁵⁵	²⁴	⁵⁵	⁴⁴	⁴⁴	⁴²	⁴⁴	5071:3
1935	i	1	m	m	m	m	m	m	m	Ø	m	Ø	5082:0
1936	n	1	ɯ	ə̃	ɯ	ɯ	o	ɯ	ə̃	Ø	ɯ	Ø	5082:1
1937	c	1	-	-	-	-	ŋ	-	-	Ø	n	Ø	5082:2
1938	t	1	⁴	⁰	⁵⁵	⁵⁵	²⁴	⁵⁵	⁰	Ø	⁴²	Ø	5082:3
1939	i	1	m	m	m	m	m	m	m	m	m	m	5100:0
1940	n	1	ɔ	au	u	o	a	o	õ	o	ɔ	o	5100:1
1941	t	1	1b/¹	²¹	²¹	²¹	¹²	²¹	²¹	²¹	³⁵	²¹	5100:2
1942	i	1	b	p	p	p	b	p	p	pʰ	b	p	5111:0
1943	n	1	æ	ɚ/ə	a	a	æ	a	a	ɚ/ə	a	ɛ	5111:1
1944	t	1	⁴	⁴²	⁴²	²¹	²¹	⁴²	⁴²	⁴²	⁴²	⁴²	5111:2
1945	i	1	qʰ	kʰ	qʰ	qʰ	qʰ	qʰ	Ø	kʰ	qʰ	kʰ	5122:0
1946	m	1	u/w	u/w	u/w	u/w	u/w	u/w	Ø	u/w	u/w	u/w	5122:1
1947	n	1	a	a	a	a	a	a	Ø	a	o	a	5122:2
1948	t	1	⁴	⁴⁴	⁴⁴	⁵⁵	²⁴	⁵⁵	Ø	⁴⁴	⁴²	⁴⁴	5122:3
1949	i	1	ɣ	ɣ	Ø	ɣ	ɕ	Ø	ɣ	ɣ	ɣ	Ø	5143:0
1950	n	1	ɯ	ə	Ø	ɯ	i	Ø	ə	ɯ	ɯ	Ø	5143:1
1951	t	1	²	³³	Ø	²²	²²	Ø	³³	³³	³³	Ø	5143:2
1952	i	1	p	p	tɕ	Ø	tɕ	tɕ	p	p	tɕ	p	5152:0
1953	m	1	r	i/j	y/ɥ	Ø	y/ɥ	y/ɥ	-	i/j	y/ɥ	-	5152:1
1954	n	1	e	ɛ̃	i	Ø	e	i	i	e	e	i	5152:2
1955	c	1	n	-	-	Ø	n	-	-	n	n	-	5152:3
1956	t	1	¹	³⁵	⁵⁵	Ø	⁵⁵	⁵⁵	⁵⁵	⁵⁵	⁵⁵	³⁵	5152:4
1957	i	1	m	Ø	m	m	m	m	Ø	Ø	m	m	5164:0
1958	n	1	o	Ø	ɯ	o	u	o	Ø	Ø	o	o	5164:1
1959	t	1	²	Ø	²²	²²	²²	²²	Ø	Ø	³³	³³	5164:2
1960	i	1	tɕ	tɕʰ	tɕ	tɕ	tɕ	tɕ	tɕ	tɕ	tɕ	tɕ	5163:0
1961	n	1	i	i	i	i	i	i	i	i	i	i	5163:1
1962	t	1	¹	³⁵	⁵⁵	²⁴	⁵⁵	⁵⁵	⁵⁵	⁵⁵	⁵⁵	³⁵	5163:2
1963	i	1	ŋ	-	ɲ	Ø	Ø	ɲ	-	ɲ	-	ɲ	5181:0
1964	m	1	j	j	y/ɥ	Ø	Ø	-	j	-	j	-	5181:1
1965	n	1	o	ũ	i	Ø	Ø	u	ṽ/ʯ̃	õ	e	v/ʯ	5181:2
1966	c	1	-	-	-	Ø	Ø	-	-	-	n	-	5181:3
1967	t	1	²	³³	²²	Ø	Ø	²²	³³	³³	³⁵	³³	5181:4
1968	i	1	ɖʐ	ʈʂ	tɕ	tɕ	dz	tɕ	ts	dz	ʐ	ts	5192:0
1969	m	1	-	-	i	i/j	-	i	-	-	-	-	5192:1
1970	n	1	u	o	u	o	ao	u	ṽ/ʯ̃	õ	v/ʯ	v/ʯ	5192:2
1971	c	1	ŋ	-	-	-	-	-	-	-	-	-	5192:3
1972	t	1	¹	²¹	²¹	²¹	¹²	²¹	²¹	²¹	³⁵	²¹	5192:4
1973	i	1	ʁ	Ø	ŋ	ʁ	ʁ	Ø	Ø	ɣ	ŋ	ŋ	5204:0
1974	n	1	o	Ø	õ	o	a	Ø	Ø	o	o	v/ʯ	5204:1
1975	c	1	ŋ	Ø	-	-	ŋ	Ø	Ø	ŋ	ŋ	-	5204:2
1976	t	1	1b/¹	Ø	²¹	²¹	¹²	Ø	Ø	²¹	³⁵	²¹	5204:3
1977	i	1	dʑ	tɕ	ts	ts	dʑ	ts	tɕ	tɕ	ʑ	tɕ	5214:0
1978	m	1	-	i/j	-	-	-	-	-	-	i/j	-	5214:1
1979	n	1	e	e	i	i	i	i	i	ĩ	e	i	5214:2
1980	c	1	n	n	-	-	-	-	-	-	n	-	5214:3
1981	t	1	¹	²¹	²¹	²¹	²¹	²¹	²¹	⁴²	³⁵	³¹	5214:4
1982	i	1	n	n	n	n	n	n	n	n	n	n	5225:0
1983	n	1	ɔ	õ	o	o	a	o	ou	e	ɔ	o	5225:1
1984	c	1	-	-	-	-	-	-	-	n	-	-	5225:2
1985	t	1	³	³¹	⁴²	⁴³	⁴²	⁴²	³¹	⁴²	²¹	³¹	5225:3
1986	i	1	tʰ	tʰ	tʰ	tʰ	tʰ	tʰ	tʰ	tʰ	tʰ	tʰ	5236:0
1987	m	1	j	-	-	-	-	i/j	-	-	-	-	5236:1
1988	n	1	e	e	i	i	i	e	i	ɛ	i	e	5236:2
1989	t	1	²	³³	²²	²²	²²	²²	³³	³³	³³	³³	5236:3
1990	i	1	ŋ	-	Ø	Ø	Ø	Ø	-	Ø	-	Ø	5247:0
1991	m	1	j	j	Ø	Ø	Ø	Ø	j	Ø	j	Ø	5247:1
1992	n	1	o	ũ	Ø	Ø	Ø	Ø	ṽ/ʯ̃	Ø	v/ʯ	Ø	5247:2
1993	c	1	-	-	Ø	Ø	Ø	Ø	-	Ø	ŋ	Ø	5247:3
1994	t	1	²	³³	Ø	Ø	Ø	Ø	³³	Ø	³³	Ø	5247:4
