ID	STRUCTURE	FREQUENCY	ProtoBai	Dashi	Ega	Enqi	Gongxing	Jinman	Jinxing	Mazhelong	Tuoluo	Zhoucheng	COGNATESETS	CONCEPTS
12-13	t	13	⁵	⁴²	⁴²	⁴³	⁴²	⁴²	⁴²	⁴²	²¹	⁴²	512:2, 775:4, 1401:3, 2291:4, 2417:2, 3779:2, 4787:4, 4669:2, 1046:2, 4625:3, 132:2, 4166:3, 133:3	Han Chinese / big / change / cooking stove; kitchen range / egg / lay (eggs) / live; reside / saw / sit / straw or palm-bark rain cape / to pen in (sheep) / to saw / turn around
344-2	t	2	⁵	³¹	⁴²	⁴³	⁴²	⁴²	³¹	³¹	²¹	³¹	3052:3, 1361:2	earth quake / pea; bean
705-2	t	2	⁵	⁴²	⁴²	⁴³	⁵⁵	⁴²	⁴²	²¹	²¹	³¹	1695:1, 2911:2	fraud / old lady / one
106-1	t	1	⁵	⁴²	⁴²	⁴³	⁴²	⁴²	⁴²	⁴²	²¹	⁵³	267:4	arrow
138-1	t	1	⁵	⁴²	⁴²	⁴³	⁴²	⁴²	⁴²	²¹	²¹	⁴²	689:2	buy
139-1	t	1	⁵	⁴²	⁴²	⁴³	⁴²	⁴²	⁴²	²¹	²¹	²¹	700:3	cane, vine
179-1	t	1	⁵	⁴²	⁵⁵	⁴³	²⁴	⁴²	³¹	²¹	²¹	⁵³	1263:3	dream
360-1	t	1	⁵	⁴²	⁴³	⁴³	⁴²	⁴²	⁴²	⁴²	²¹	⁴²	3274:2	price
437-1	t	1	⁵	⁴²	⁴²	²¹	⁴²	⁴²	⁴²	²¹	²¹	⁴²	4336:4	thief
461-1	t	1	⁵	⁴²	⁴²	⁴³	⁴²	⁵⁵	⁴²	⁴²	²¹	³³	4774:3	trip-hammer for hulling rice
480-1	t	1	⁵	⁴²	⁴²	⁴³	²⁴	⁴²	⁴²	⁴²	²⁴	⁴²	5037:4	wear (a hat)
636-1	t	1	⁵	⁴²	⁴²	⁴	⁴²	Ø	⁴²	³¹	²¹	⁴²	4452:4	tile
770-1	t	1	⁵	⁴²	⁴²	Ø	Ø	⁴²	³¹	³¹	²¹	³¹	4548:3	to comb
6-38	t	38	⁴	⁴⁴	⁴⁴	⁵⁵	²⁴	⁵⁵	⁴⁴	⁴⁴	⁴²	⁴⁴	32:2, 463:2, 621:3, 1107:3, 1143:2, 1640:2, 1773:2, 1885:2, 2074:3, 2130:2, 3493:2, 3678:3, 216:3, 5122:3, 3251:2, 3263:2, 742:2, 2664:3, 3566:2, 82:3, 104:3, 979:2, 3421:3, 278:3, 1412:3, 3790:2, 4206:3, 4501:2, 1413:3, 1498:3, 1873:3, 2531:3, 3561:3, 4834:3, 184:2, 280:3, 3252:1, 4205:3	(people) crawl / (wasps) sting / (water) be boiling / [loach] / a year old / ask; question / be thirsty / black / blood / bone / catch; capture / cloth / cut (meat) / dark / eight / female genitals / foot / get; acquire / grind (flour) / guest / horn / hundred / lung / mosquito / press (with palm of finger) / press, push down / rice straw / rope / say / scale / seven / six / sun / to borrow (money) / twist (a tower) / wheat straw / wide
27-17	t	17	⁴	⁴²	⁴²	²¹	²¹	⁴²	⁴²	⁴²	⁴²	⁴²	1706:3, 3150:2, 4814:2, 5111:2, 645:2, 4056:2, 4081:3, 523:3, 2375:3, 3351:2, 4647:2, 200:3, 4571:3, 43:2, 1379:2, 3352:2, 4988:2	(rain) fall / [wood] / bind; tie up / breasts / easy / friend / lift (the lid) / pick up / pig / read / step on; tread / stick / ten / to drop / to poke; insert / twelve / want; need / white
13-6	t	6	⁴	³³	⁴⁴	⁵⁵	²⁴	⁵⁵	⁴⁴	⁴⁴	⁴²	⁴⁴	348:3, 2484:3, 2632:4, 2816:3, 3225:2, 3340:2	bamboo / bird / louse / month / narrow / plough; till / put on (the shoes)
39-5	t	5	⁴	⁴⁴	⁴⁴	⁵⁵	⁴²	⁵⁵	⁴⁴	⁴⁴	⁴²	⁴⁴	1390:2, 2316:3, 2611:2, 3373:3, 3885:3	eat / leech / medicine / red / snow
72-4	t	4	⁴	⁴⁴	⁴⁴	⁵⁵	²⁴	⁴⁴	⁴⁴	⁴⁴	⁴²	⁴⁴	1671:3, 2096:4, 2871:3, 171:2	[cow louse] / four / hot / next year
148-4	t	4	⁴	³³	⁴²	²¹	²¹	²¹	⁴²	⁴²	⁴²	⁴²	798:2, 2207:3, 2731:3, 524:1	bind; tie up / chisel / kettle; pot / muntjac; barking deer
81-3	t	3	⁴	⁴²	²¹	²¹	²¹	²¹	⁴²	⁴²	⁴²	⁴²	2245:3, 2720:4, 9:3	(fruit) be ripe / ladle / muddy; turbid
421-3	t	3	⁴	⁴⁴	⁵⁵	⁵⁵	²⁴	⁵⁵	⁴⁴	⁴⁴	⁴²	⁵⁵	4185:3, 3285:3, 2990:3	paint / pull (a quilt over oneself) / stroke; touch
532-3	t	3	⁴	⁴⁴	⁴⁴	⁵⁵	²⁴	⁵⁵	⁴⁴	⁵⁵	⁴²	⁴⁴	1097:2, 3009:2, 1497:3	curved; crooked; bent / female genitals / pare/peel with a knife
96-2	t	2	⁴	⁴²	⁴²	²¹	²¹	⁵⁵	⁴²	⁴²	Ø	⁴²	3128:2, 3601:2	pick up (food with chopstick) / scissor
116-2	t	2	⁴	⁴⁴	⁴²	⁵⁵	²⁴	⁵⁵	⁴⁴	⁴⁴	⁴²	⁵⁵	452:2, 3420:2	be on the other side of (a river) / rice straw
300-2	t	2	⁴	⁵⁵	⁴⁴	⁵⁵	⁵⁵	⁵⁵	⁵⁵	⁴⁴	⁴²	⁴⁴	2644:4, 4123:2	moon / stomach
313-2	t	2	⁴	⁴⁴	⁴⁴	²⁴	²⁴	⁴⁴	⁴⁴	⁴⁴	⁴²	⁴⁴	2772:2, 501:3	belly / nail
486-2	t	2	⁴	⁴⁴	⁵⁵	⁵⁵	²⁴	⁵⁵	⁴⁴	⁴⁴	⁴²	⁴⁴	5071:3, 4708:1	to water/sprinkle/irrigate / wheat
649-2	t	2	⁴	³³	⁵⁵	⁵⁵	²⁴	⁵⁵	⁴⁴	⁴⁴	⁴²	⁴⁴	4844:2, 5027:3	twist (hemp fivers) / wear (a bracelet)
683-2	t	2	⁴	⁴⁴	⁴⁴	⁵⁵	⁵⁵	⁴⁴	⁴⁴	⁴⁴	⁴²	⁵⁵	227:2, 423:2	air; breath / be hungry
738-2	t	2	⁴	Ø	⁴⁴	²¹	²¹	⁵⁵	⁴²	⁴²	⁴²	²¹	3297:3, 4433:3	pull up (weeds) / tie (a cow) to
744-2	t	2	⁴	⁴⁴	⁴²	⁵⁵	²⁴	⁴²	⁴⁴	³³	⁴²	³⁵	3477:2, 2578:3	mare / root
763-2	t	2	⁴	⁴⁴	⁵⁵	⁵⁵	¹²	⁵⁵	⁴⁴	⁴⁴	⁴²	⁵⁵	4196:3, 1305:3	eagle fern / suck
783-2	t	2	⁴	⁴⁴	²²	⁴³	²⁴	Ø	⁴⁴	⁴²	⁴²	⁴⁴	4952:2, 4646:3	to poke; insert / village
785-2	t	2	⁴	⁰	⁵⁵	⁵⁵	²⁴	⁵⁵	⁰	⁵⁵	⁴²	⁵⁵	5082:3, 725:1	cat / wheat straw
858-2	t	2	⁴	⁴⁴	²²	²¹	²²	⁴²	⁴⁴	⁵⁵	⁴²	⁴⁴	4987:4, 4124:2	stomach / want; need
110-1	t	1	⁴	⁴⁴	⁴²	⁵⁵	²⁴	⁵⁵	⁴⁴	⁴⁴	⁴	⁵⁵	289:3	astringent; like unripe
198-1	t	1	⁴	⁴⁴	²¹	⁵⁵	²⁴	⁴²	⁴⁴	⁴⁴	⁴²	⁴⁴	1518:3	fight
262-1	t	1	⁴	⁴⁴	⁵⁵	⁵⁵	²⁴	⁵⁵	⁴⁴	⁴⁴	⁴²	³³	2184:2	iron
305-1	t	1	⁴	⁴²	⁵⁵	⁴³	⁴²	⁵⁵	⁴²	⁵⁵	⁵⁵	⁵³	2685:4	mountain
325-1	t	1	⁴	⁴²	⁵⁵	²¹	²¹	⁴²	⁴²	⁴²	⁴²	⁴²	2848:2	nephew
337-1	t	1	⁴	³³	⁴⁴	⁵⁵	²⁴	²²	⁴⁴	⁴⁴	⁴²	⁴⁴	2952:4	outside
350-1	t	1	⁴	⁴⁴	⁵⁵	⁵⁵	²⁴	⁵⁵	⁴⁴	⁴²	⁴²	⁴⁴	3084:3	persimmon
377-1	t	1	⁴	⁴⁴	⁴²	⁵⁵	²⁴	⁵⁵	⁴⁴	²¹	⁴²	⁴²	3590:2	scatter (seeds)
386-1	t	1	⁴	⁴⁴	⁴⁴	⁵⁵	²⁴	⁵⁵	⁴⁴	³³	⁴²	³³	3656:3	seep [sweep]
415-1	t	1	⁴	⁴²	⁴²	²¹	²¹	²¹	⁴²	⁴²	⁴²	⁴²	4143:3	stone
432-1	t	1	⁴	⁴²	⁴²	²¹	²¹	²¹	⁴²	²¹	⁴²	⁴²	4304:3	the 12 animals representing the 12 years
456-1	t	1	⁴	⁴²	²¹	²¹	²¹	⁴²	⁴²	⁴²	⁴²	⁴²	4731:3	tongue
484-1	t	1	⁴	⁵⁵	⁴⁴	⁵⁵	²⁴	⁵⁵	⁵⁵	⁵⁵	⁴²	⁵⁵	5048:4	weave; knit
526-1	t	1	⁴	³³	⁵⁵	²⁴	²⁴	⁵⁵	⁴⁴	⁴⁴	⁴²	Ø	874:3	classifier [handfull]
529-1	t	1	⁴	Ø	⁴⁴	⁵⁵	²²⁴	⁵⁵	⁴⁴	⁴⁴	⁴²	⁴⁴	1086:2	cry (verb or noun?, should be made clear later on)
534-1	t	1	⁴	³³	Ø	⁴⁴	²⁴	⁴²	⁴⁴	⁴⁴	⁴²	³³	1130:2	cut/rip open
607-1	t	1	⁴	⁴⁴	⁴⁴	⁵⁵	⁵⁵	⁵⁵	⁴⁴	Ø	⁴²	³¹	3397:2	return
653-1	t	1	⁴	³³	⁵⁵	Ø	²²⁴	⁵⁵	⁴⁴	³³	⁴²	³³	4879:3	unseam (clothing)
719-1	t	1	⁴	⁴²	Ø	⁴³	⁴²	⁴²	⁴²	⁴²	Ø	⁵³	2355:4	leopard; panther
753-1	t	1	⁴	⁴⁴	Ø	⁵⁵	²⁴	Ø	⁴⁴	³¹	⁴²	⁴⁴	4012:3	squeeze (for milk)
780-1	t	1	⁴	⁴⁴	Ø	⁵⁵	⁵⁵	Ø	⁴⁴	⁴⁴	⁴²	⁴⁴	4815:2	twelve
882-1	t	1	⁴	Ø	Ø	²²	²²	⁵⁵	Ø	⁴⁴	Ø	⁴⁴	1166:3	day
915-1	t	1	⁴	Ø	Ø	⁵⁵	⁴²	Ø	Ø	⁴⁴	Ø	⁵⁵	2977:2	paddy rice
577-1	t	1	Ø	³⁵	²¹	²⁴	²²	⁵⁵	⁵⁵	⁵⁵	⁵⁵	⁵⁵	2461:2	lose (a game)
594-1	t	1	Ø	²¹	²¹	⁴³	²¹	²¹	³¹	³¹	²¹	³¹	2966:2	earth quake / paddy fields
707-1	t	1	Ø	³¹	²¹	²¹	¹²	²¹	²¹	³³	Ø	²¹	1717:1	frog
815-1	t	1	Ø	Ø	²¹	²¹	²⁴	²¹	Ø	²¹	³⁵	²¹	1897:3	hair
818-1	t	1	Ø	Ø	⁵⁵	²⁴	¹²	⁵⁵	Ø	-	⁵⁵	³⁵	1898:3	hair
826-1	t	1	Ø	⁴²	⁴⁴	Ø	²¹	²²	⁴²	⁴²	Ø	⁴²	2218:2	key
853-1	t	1	Ø	⁵⁵	⁵⁵	²²	Ø	⁵⁵	⁵⁵	Ø	⁵⁵	³⁵	3932:2	soldier
866-1	t	1	Ø	Ø	⁴²	²¹	²¹	⁴²	Ø	Ø	³³	⁴²	44:1	(rain) fall / easy
873-1	t	1	Ø	²¹	⁴²	Ø	¹²	⁴²	³¹	Ø	Ø	⁰	378:2	bark
883-1	t	1	Ø	³¹	⁴²	⁴³	²⁴	Ø	³¹	³¹	Ø	Ø	1360:2	earth quake
884-1	t	1	Ø	²¹	⁴²	Ø	¹²	⁴²	³¹	Ø	Ø	³¹	1651:2	forest
886-1	t	1	Ø	Ø	⁴²	⁴³	⁵⁵	⁴²	Ø	³³	⁰	Ø	1653:3	forest
908-1	t	1	Ø	⁵⁵	Ø	²²	Ø	Ø	⁵⁵	³³	Ø	²¹	2143:4	ice
947-1	t	1	Ø	⁵⁵	Ø	⁴³	Ø	Ø	Ø	Ø	²¹	Ø	1652:3	forest
953-1	t	1	Ø	Ø	Ø	Ø	Ø	Ø	²¹	Ø	³⁵	³³	4284:3	tender young (plant)
2-51	t	51	¹	²¹	²¹	²¹	¹²	²¹	²¹	²¹	³⁵	²¹	93:2, 656:3, 678:2, 839:3, 1241:3, 1252:3, 1618:2, 2051:3, 2450:4, 2495:2, 2540:4, 3064:2, 3757:2, 3855:3, 4238:3, 5100:2, 5192:4, 752:2, 4929:2, 2600:2, 3667:2, 907:3, 2163:2, 1433:3, 2174:4, 3330:4, 4412:3, 359:4, 3723:4, 1:3, 886:4, 2062:2, 2195:4, 3745:3, 5204:3, 2002:3, 2976:3, 3095:4, 3096:2, 4216:2, 4283:3, 611:3, 3746:3, 369:2, 1841:4, 3183:2, 3184:4, 3734:2, 4217:3, 248:2, 993:2	(birds)cry/chirp / (water flow) / ant / bamboo food steamer / bamboo piece / boat; ship / bridge / buckwheat / cattle / classifier [birds] / classifier [length unit] / classifier [sack of rice] / cloud / door / dragon / escape; run away / float / good / hedgehog / hoe (large) / hoof / interest / intestine; guts / jar / long / love; like / maggot / meat / paddy rice / peach / person / pine / pus / sell / sheep (general) / shoe / sickle / sieve; sifter / silver / smooth / sweat / tea / tender young (plant) / thunder / tiger / to thunder / vegetable oil / whet (a knife) / worm / yellow
3-44	t	44	¹	⁵⁵	⁵⁵	²⁴	⁵⁵	⁵⁵	⁵⁵	⁵⁵	⁵⁵	⁵⁵	599:2, 1184:4, 1507:2, 1851:4, 2395:4, 2406:4, 2941:2, 3139:3, 3308:3, 3536:3, 3813:3, 3907:2, 3953:4, 4023:4, 4227:4, 4411:3, 853:3, 3964:3, 490:4, 5009:4, 1423:3, 3975:4, 4676:3, 5059:4, 579:2, 1066:3, 3075:4, 3235:3, 3043:3, 3518:4, 5019:4, 4260:2, 4522:2, 4752:2, 667:4, 3824:3, 4366:4, 4367:2, 2806:3, 4475:2, 303:3, 722:2, 1519:2, 4261:4	at night; in the evening / bee / bladder / blow (the trumpet) / brothers / cat / classifier [clothes] / cliffy; precipitous / corpse / deep / empty / fertilizer; manure / fight / grandson / light / listen / name / open / pave; lay / peppery / pick up (food with chopstick) [fasten the belt] / plougshare / pull/lead (a cow) along / salt / sand / sky / slanting; learning / soft / sound / soup / sour / star / swell / tear up, rip / thousand / thunder / to bet / to burn / to plait / to smell / to thunder / transplant (rice seedling); insert / watery/thin (porridge) / wave; wield / weigh (food)
7-30	t	30	¹	³⁵	⁵⁵	²⁴	⁵⁵	⁵⁵	⁵⁵	⁵⁵	⁵⁵	³⁵	786:2, 1015:3, 1294:3, 1829:4, 2428:3, 2565:3, 2837:4, 3454:3, 3612:2, 3645:3, 4940:4, 5163:2, 971:2, 1629:3, 1682:4, 412:3, 2622:4, 5152:4, 3384:2, 4085:3, 4909:3, 1218:2, 1587:2, 3825:3, 2327:3, 2755:4, 2805:4, 3194:3, 172:2, 2753:3	[cow louse] / be blind / chicken / close (the mouth) / close (the mouth) lightly / comb / divide; share (things) / dry / fill (a bowl with rice) / fish / fly / fragrant (smell) / gold / high / left / liver / many / monkey / musk / name / needle / pine torches / resin, colophony / river / scoop up (water); ladle out / seed of Chinese prickly ash / slanting; learning / stick / teach / vat; jar / vertical, be standing / wind / winnowing fan
21-6	t	6	¹	⁵⁵	⁵⁵	²⁴	⁵⁵	⁵⁵	⁵⁵	⁵⁵	⁵⁵	³⁵	1575:4, 1794:3, 1862:3, 1969:4, 2859:4, 2643:3	firewood / ginger / grease, fat / heart / moon / new
89-5	t	5	¹	³⁵	⁵⁵	²⁴	¹²	⁵⁵	⁵⁵	⁵⁵	⁵⁵	³⁵	3362:4, 4034:4, 2379:2, 3997:2, 1075:2	correct; right / lift (the lid) / real / spit (noun or verb?) / steam
54-3	t	3	¹	⁵⁵	⁴⁴	²⁴	⁵⁵	⁵⁵	⁵⁵	⁵⁵	⁵⁵	⁵⁵	763:4, 4720:3, 2329:3	chaff; bran / left / today
56-3	t	3	¹	³⁵	⁵⁵	²⁴	⁵⁵	⁵⁵	⁵⁵	⁵⁵	⁵⁵	⁵⁵	896:3, 3835:4, 4581:2	classifier [room] / smoke / to hook
102-3	t	3	¹	³¹	²¹	²¹	²¹	²¹	²¹	²¹	³⁵	²¹	53:2, 724:2, 3769:2	(rice) seedling / cat / silver
428-3	t	3	¹	³⁵	⁵⁵	²⁴	²²	⁵⁵	⁵⁵	⁵⁵	⁵⁵	³⁵	4293:4, 1980:4, 422:3	be hungry / heat up (cold rice) / tendon; sinew
115-2	t	2	¹	²¹	²¹	⁴³	¹²	²¹	²¹	²¹	³⁵	²¹	400:2, 249:2	ant / barley
318-2	t	2	¹	³⁵	²²	²⁴	²²	⁵⁵	⁵⁵	⁵⁵	⁵⁵	⁵⁵	2791:4, 4798:2	nail; tack / turtledove
442-2	t	2	¹	⁵⁵	⁵⁵	²⁴	²⁴	⁵⁵	⁵⁵	⁵⁵	⁵⁵	⁵⁵	4400:3, 181:1	[loach] / three
610-2	t	2	¹	²¹	²¹	²¹	¹²	²²	²¹	⁴⁴	³⁵	²¹	3443:2, 3896:2	ride / soak; steep
647-2	t	2	¹	¹³	⁵⁵	⁵⁵	²²	⁵⁵	⁵⁵	⁵⁵	⁵⁵	Ø	4742:4, 4474:2	to bet / trace; track
673-2	t	2	¹	⁰	⁵⁵	⁵⁵	⁵⁵	⁵⁵	⁵⁵	²¹	⁵⁵	Ø	119:3, 723:3	Chinese chestnut / cat
687-2	t	2	¹	²¹	⁴⁴	²¹	²¹	⁴²	²¹	²¹	³⁵	²¹	379:2, 502:2	bark / belly
722-2	t	2	¹	²¹	Ø	¹²	¹²	²¹	²¹	²¹	³⁵	-	2474:3, 3296:2	loud / pull up (weeds)
778-2	t	2	¹	²¹	⁵⁵	²¹	¹²	Ø	⁴⁴	²¹	³⁵	²¹	4657:2, 3986:3	speech; words; language / to rake (the fields)
869-2	t	2	¹	⁴²	⁴⁴	⁵⁵	²⁴	⁴⁴	⁴⁴	⁵⁵	Ø	³⁵	152:2, 4965:3	[Distillers grains] / vomit/throw up
121-1	t	1	¹	³³	⁴²	²¹	¹²	⁴²	²¹	²¹	³⁵	²¹	474:4	bed
161-1	t	1	¹	-	⁵⁵	²⁴	¹²	⁵⁵	⁵⁵	⁵⁵	⁵⁵	³⁵	916:4	classifier [sheet of paper]
164-1	t	1	¹	⁰	⁵⁵	²⁴	¹²	⁵⁵	⁵⁵	⁵⁵	⁵⁵	³⁵	1001:2	cold
187-1	t	1	¹	³¹	²¹	²²	²²	²¹	²¹	²¹	³⁵	²¹	1337:4	earrings
213-1	t	1	¹	⁴⁴	⁵⁵	²⁴	⁵⁵	⁵⁵	⁵⁵	⁵⁵	⁵⁵	⁵⁵	1731:4	frost
235-1	t	1	¹	⁴²	²²	²¹	²¹	²²	³¹	⁴²	³⁵	³¹	1958:3	head
241-1	t	1	¹	²¹	²¹	²¹	¹²	⁴²	²¹	²¹	³⁵	²¹	2018:3	hide
332-1	t	1	¹	⁵⁵	⁵⁵	⁴²	⁵⁵	⁵⁵	⁵⁵	⁵⁵	⁵⁵	⁵⁵	2928:3	onion, scallion
390-1	t	1	¹	³³	²²	²²	²²	²²	³³	³³	³³	⁵⁵	3689:3	shadow
402-1	t	1	¹	⁴²	²¹	²¹	²⁴	²¹	³¹	⁴²	³⁵	²¹	3921:2	mud / soil; earth
419-1	t	1	¹	³⁵	⁵⁵	²⁴	⁵⁵	⁵⁵	⁵⁵	⁵⁵	⁵⁵	⁴²	4154:4	straight
447-1	t	1	¹	⁴⁴	⁴⁴	⁵⁵	²⁴	⁴⁴	⁴⁴	⁴⁴	⁴²	⁵⁵	4500:3	to borrow (money) / to borrow (tools)
450-1	t	1	¹	⁵⁵	⁴²	²⁴	⁵⁵	⁴²	⁵⁵	⁵⁵	⁵⁵	⁵⁵	4557:2	to cough
496-1	t	1	¹	²¹	²¹	²¹	²¹	²¹	²¹	⁴²	³⁵	³¹	5214:4	yesterday
507-1	t	1	¹	²¹	²¹	²¹	¹²	²¹	²¹	⁵⁵	Ø	²¹	247:3	ant
567-1	t	1	¹	⁵⁵	⁵⁵	²⁴	⁵⁵	⁵⁵	⁵⁵	⁴⁴	⁵⁵	Ø	2141:4	ice
581-1	t	1	¹	³⁵	⁵⁵	Ø	²²	²²	⁵⁵	³³	⁵⁵	³⁵	2517:4	lukewarm
609-1	t	1	¹	Ø	²¹	²¹	¹²	²¹	⁴²	²¹	³⁵	²¹	3433:2	rich
615-1	t	1	¹	³¹	⁴⁴	Ø	¹²	²¹	²¹	²¹	³⁵	²¹	3504:4	round
631-1	t	1	¹	⁵⁵	⁴²	⁴³	⁴²	Ø	⁵⁵	⁵⁵	⁴²	⁵⁵	3996:3	spit (noun or verb?)
679-1	t	1	¹	³⁵	⁴⁴	²⁴	⁵⁵	⁵⁵	⁵⁵	Ø	⁵⁵	Ø	161:4	[castrate (chicken)]
703-1	t	1	¹	Ø	⁵⁵	²⁴	⁵⁵	⁵⁵	⁵⁵	⁴²	⁵⁵	Ø	1609:4	fling; toss
725-1	t	1	¹	²¹	Ø	²¹	¹²	Ø	²¹	²¹	²⁵	²¹	3010:2	pare/peel with a knife / skin
732-1	t	1	¹	Ø	⁵⁵	²⁴	⁵⁵	⁰	⁵⁵	⁵⁵	⁵⁵	Ø	3234:2	plougshare
748-1	t	1	¹	Ø	⁵⁵	⁵⁵	²⁴	²²	⁵⁵	⁵⁵	⁵⁵	Ø	3576:3	scar
791-1	t	1	¹	Ø	²⁴	²⁴	⁵⁵	⁵⁵	Ø	⁵⁵	Ø	⁵⁵	192:2	[pull up weeds]
802-1	t	1	¹	²¹	Ø	²¹	¹²	Ø	²¹	Ø	³⁵	⁴²	1026:2	compensate
829-1	t	1	¹	⁴²	Ø	²¹	¹²	Ø	²¹	²¹	Ø	²¹	2256:2	lake / sea
843-1	t	1	¹	⁴⁴	⁴²	⁴³	Ø	⁴²	Ø	Ø	²¹	⁴⁴	3478:2	root
856-1	t	1	¹	Ø	Ø	²⁴	¹²	⁵⁵	Ø	⁵⁵	⁰	³¹	4799:2	turtledove
440-1	t	1	³³	³⁵	²²	²²	²²	²²	⁴⁴	³³	²²	³³	4377:2	thread
37-11	t	11	³	³¹	⁴²	⁴³	⁴²	⁴²	³¹	²¹	²¹	³¹	929:3, 2280:2, 4918:2, 64:3, 4102:3, 4900:3, 1947:2, 2107:2, 4135:2, 2108:2, 114:2	(soul); spirit / (xx language) / classifier [tree] / he / house / laugh / stinking; smelly / stomach [bird crop] / used, old / vegetable
152-2	t	2	³	³¹	⁴²	⁴²	⁴²	⁴²	⁴²	²¹	²¹	³¹	820:3, 1762:4	chopsticks / garlic
457-2	t	2	³	²¹	⁴²	⁴³	⁴²	⁴²	³¹	²¹	²¹	³¹	4763:3, 3701:2	sharp / tree
498-2	t	2	³	³¹	⁴²	⁴³	⁴²	⁴²	³¹	⁴²	²¹	³¹	5225:3, 141:3	I / you
520-2	t	2	³	³¹	⁴²	⁴³	⁴²	⁴²	³¹	²¹	²¹	⁴²	809:2, 4045:2	chop (firewood) / step
547-2	t	2	³	³¹	²²	⁴³	⁵⁵	⁴²	³¹	²¹	²¹	²¹	1484:3, 4165:3	fart / straw or palm-bark rain cape
574-2	t	2	³	²¹	²¹	⁴³	⁴²	²¹	³¹	²¹	²¹	³¹	2231:2, 3802:3	bark / kneel / skin
669-2	t	2	³	⁴²	⁴²	⁴³	²²	⁴²	³¹	²¹	²¹	³¹	65:4, 3469:3	(soul); spirit / roast in fire
724-2	t	2	³	³¹	⁴²	²¹	⁴²	²¹	³¹	²¹	²¹	³¹	2754:3, 4602:2	musk / to leak
800-2	t	2	³	²¹	⁴²	⁴²	⁴³	⁴²	³¹	²¹	Ø	²¹	940:3, 885:2	classifier [length unit] / classifier [weight unit]
100-1	t	1	³	³¹	⁵⁵	⁵⁵	⁴²	⁵⁵	³¹	²¹	²¹	³¹	21:3	(head) ache
189-1	t	1	³	³¹	⁴²	⁴²	⁴²	⁴²	³¹	²¹	²¹	³¹	1348:2	earth
222-1	t	1	³	²¹	⁴²	⁴³	⁴²	⁴²	³¹	²¹	²¹	⁴²	1805:2	give
272-1	t	1	³	⁴⁴	⁴²	⁴³	⁴²	⁴⁴	⁴⁴	²¹	²¹	⁴⁴	2342:3	leg
372-1	t	1	³	⁴²	⁴²	⁴³	⁴²	⁴²	³¹	³³	²¹	³¹	3525:3	salty
515-1	t	1	³	³³	⁴⁴	Ø	⁴²	⁴²	³¹	²¹	²¹	³³	545:3	bird's nest
554-1	t	1	³	³¹	⁴²	²⁴	Ø	⁵⁵	³¹	²¹	²¹	³¹	1693:3	fraud
622-1	t	1	³	²¹	⁴⁴	⁴³	⁴²	Ø	³¹	²¹	²¹	³¹	3712:4	shave (the head)
685-1	t	1	³	⁴²	⁴²	Ø	⁴²	⁴²	⁴⁴	⁴⁴	²¹	Ø	338:3	bad (things)
767-1	t	1	³	³¹	⁴²	Ø	Ø	⁴²	³¹	²¹	¹²¹	³¹	4357:2	thorn; splinter
768-1	t	1	³	³¹	Ø	⁴³	⁴²	Ø	³¹	²¹	²¹	²¹	4462:3	to be ill
217-1	t	1	²¹	³⁵	⁵⁵	²⁴	⁵⁵	⁵⁵	⁵⁵	⁵⁵	⁵⁵	³⁵	1751:4	garden (plot)
1-52	t	52	²	³³	²²	²²	²²	²²	³³	³³	³³	³³	236:3, 668:3, 863:3, 1173:3, 1230:4, 1326:3, 1451:3, 1473:4, 1543:3, 1914:3, 2085:3, 2269:3, 2364:2, 2674:3, 2698:3, 2889:3, 2900:2, 2998:3, 3031:3, 3172:4, 3409:2, 3634:4, 3942:2, 4998:3, 5236:3, 1784:3, 1925:2, 1056:3, 4537:2, 1119:4, 1742:3, 1462:4, 3867:2, 1564:3, 3834:3, 1274:1, 4613:3, 1315:4, 1598:3, 2577:2, 4347:2, 4891:3, 5143:2, 5164:2, 1155:4, 1154:4, 5247:4, 2506:3, 3922:3, 4489:3, 1565:2, 3162:3	alcoholic beverage / brothers / classifier [grain] / copper, bronze / cut up (vegetable) / daughter / dead / die / dog / drink / ear; spike / early / excrement / eye / far / finger / fire / five / fully recover (from an illness) / ghost, spirit / hand / have (you) / horse / late / lick, lap / low; short / mare / mother / mouse / nine / old / paper / patch (clothing) / path; road / pillar / pillow / rice / seed / smoke / snake / soil; earth / son / think / to block (the wind) / to change / to owe (money) / use or lean on (a walking stick) / water / willow / winnowing fan / younger brother / younger sister
31-5	t	5	²	³³	²²	²²	³³	²²	³³	³³	³³	³³	316:2, 1936:2, 4315:4, 3161:2, 4069:3	axe / have eaten one's fill / pillar / stepmother / the upper part; up reaches; above
238-4	t	4	²	³³	²²	²²	²²	²²	³³	²¹	³³	³³	1991:3, 1286:3, 4473:2, 712:2	carry (shoulder) / drum / heavy / to bet
75-3	t	3	²	³³	²²	²²	²²	²²	³³	³³	³³	⁵⁵	1816:3, 2118:2, 4176:4	glutinous rice / hug / stretch out (the arm)
134-2	t	2	²	³³	²²	²²	²²	²²	³³	²²	³³	³¹	632:3, 4491:2	brains / to block (the wind)
359-2	t	2	²	³³	²²	²²	²²	⁴²	³³	³³	³³	³³	3214:3, 4326:2	plank; board / thick
510-2	t	2	²	³³	²²	Ø	²²	⁵⁵	³³	³³	³³	³³	327:2, 4525:4	back, behind / to burn
537-2	t	2	²	³³	⁵⁵	²²	⁵⁵	²²	³³	³³	³³	³³	1206:3, 1840:2	direction; orientation / good
592-2	t	2	²	³³	⁵⁵	²²	²²	⁵⁵	³³	³³	³³	³³	2827:4, 3319:3	near / pull; tug
682-2	t	2	²	²¹	²²	²²	²²	²²	²¹	²¹	³³	²¹	207:3, 441:3	a half / be numb
730-2	t	2	²	⁴²	²²	²²	²²	²²	³¹	⁵⁵	⁵⁵	³³	3205:3, 4488:2	piss; pee / to block (the wind)
771-2	t	2	²	³³	Ø	²²	²²	Ø	³³	³³	³³	⁴⁴	4591:4, 4967:3	to itch/tickle / vomit/throw up
806-2	t	2	²	³⁵	⁵⁵	²⁴	Ø	⁴²	⁵⁵	⁵⁵	Ø	³⁵	1074:2, 1654:3	correct; right / forest
821-2	t	2	²	³³	²²	³³	³³	²²	³³	³³	³³	²¹	2010:2, 3624:3	hemp / lake / sea
872-2	t	2	²	³³	Ø	²²	⁴²	⁴²	⁵⁵	⁵⁵	³³	³³	300:2, 304:2	at night; in the evening
877-2	t	2	²	⁴²	²²	⁴³	⁴²	Ø	Ø	³³	³³	Ø	831:4, 2205:2	classifier [back of firewood] / kettle; pot
888-2	t	2	²	³¹	⁴²	²¹	²¹	⁴²	Ø	⁴²	⁴²	²¹	1874:2, 711:3	carry (shoulder) / grind (flour) / twist (a tower)
906-2	t	2	²	³³	Ø	²²	²²	Ø	²¹	³³	⁴⁴	³³	1445:2, 5250:3	cold / exchange / younger sister
127-1	t	1	²	³³	²²	²²	²²	²²	²²	³³	³³	³¹	556:3	bitter
167-1	t	1	²	³³	²²	²²	²²	²²	⁵⁵	³³	³³	³³	1035:3	cook; boil
202-1	t	1	²	³¹	²²	²²	²²	²²	³³	⁴⁴	³³	³³	1544:3	finger
245-1	t	1	²	³³	²²	²²	²²	²²	³¹	⁴⁴	³³	³³	2040:4	hillside; mountain slope
249-1	t	1	²	³³	²²	⁴³	²²	²	³³	³³	²¹	⁴⁴	2064:2	hoof / man
282-1	t	1	²	³³	²²	²²	²²	²²	⁴²	⁵⁵	³³	³³	2439:2	lock (the door)
311-1	t	1	²	⁵⁵	²²	-	²²	²²	³³	³³	³³	³³	2740:4	mushroom
399-1	t	1	²	³³	²²	²²	²²	²²	³³	²²	³³	³³	3866:3	snake
411-1	t	1	²	³³	²¹	²¹	²¹	²¹	³³	³³	³³	³³	4068:2	next year / stepmother
467-1	t	1	²	³³	³³	²²	³³	³³	³³	³³	³³	³³	4854:3	two
470-1	t	1	²	⁵⁵	²²	²²	²²	²²	⁵⁵	³³	³³	⁵⁵	4866:3	uncle (mother's brother)
474-1	t	1	²	⁴⁴	⁴⁴	⁵⁵	²⁴	⁵⁵	⁴⁴	⁴⁴	⁴²	⁴⁴	4976:3	wait
583-1	t	1	²	³³	²¹	²²	²²	²²	³³	Ø	³³	³³	2576:3	mare
589-1	t	1	²	³³	²²	²¹	²⁴	Ø	³³	³³	³³	³³	2771:3	nail
598-1	t	1	²	³³	Ø	³³	²²	²²	³³	³³	³³	³⁵	3106:4	pheasant
716-1	t	1	²	³³	⁴²	⁵⁵	Ø	Ø	³³	³³	³³	³³	2303:3	leaf
760-1	t	1	²	-	Ø	²²	²²	Ø	³³	³³	³³	³³	4112:3	stir-fry; stir
789-1	t	1	²	³³	²²	Ø	Ø	²²	³³	³³	³⁵	³³	5181:4	woman
913-1	t	1	²	³³	Ø	Ø	Ø	Ø	²¹	³³	³	Ø	2965:3	paddy fields
950-1	t	1	-	⁴⁴	Ø	Ø	Ø	Ø	⁴⁴	Ø	Ø	Ø	1896:2	hair
699-2	n	2	ɯ̃	ə̃	ɯ̃	ɯ	ɯ	ɯ̃	ə̃	ə	ɯ̃	ɯ	1274:0, 304:1	at night; in the evening / drink
782-2	n	2	ɯ̃	o	ɯ	ɯ	ɯ	ɯ̃	Ø	əɯ	e	ɯ	4900:1, 248:1	ant / used, old
333-1	n	1	ɯ̃	ɯ	ɯ	ɯ	e	ɯ̃	ɯ	ə	ə̃	ɯ	2941:1	open
408-1	n	1	ɯ̃	ẽ	i	ɯ	ẽ	ɯ̃	ə̃	e	ĩ	ɯ	4034:2	steam
469-1	n	1	ɯ̃	ou	ɯ	ɯ	ɯ	ɯ̃	ou	əɯ	ɯ	ou	4866:2	uncle (mother's brother)
708-1	n	1	ɯ̃	u	Ø	ɯ	e	Ø	ə̃	ə	ẽ	ɯ	1742:1	fully recover (from an illness)
900-1	n	1	ɯ̃	Ø	Ø	ɯ	æ	ɯ̃	Ø	ɯ	ɯ	Ø	4501:1	to borrow (money)
58-7	n	7	ɯ	ɯ	i	ɯ	i	ɯ	ɯ	əɯ	ɯ	ɯ	929:2, 4763:2, 2771:2, 378:1, 1651:1, 4891:2, 3162:2	bark / classifier [tree] / forest / nail / pillar / tree / use or lean on (a walking stick)
68-3	n	3	ɯ	ɯ	i	ɯ	i	i	ɯ	əɯ	ɯ	ɯ	1543:2, 1914:2, 3802:2	bark / finger / hand / skin
73-3	n	3	ɯ	ɯ	ɯ	ə	i	ɯ	ə	əɯ	ɯ	ɯ	1773:1, 4976:2, 3351:1	get; acquire / read / wait
111-3	n	3	ɯ	ɯ	ɯ	ɯ	u	ɯ	ɯ	əɯ	ɯ	ɯ	316:1, 4537:1, 1445:1	axe / exchange / to change
103-2	n	2	ɯ	ɯ	ɯ	ɯ	ɯ	ɯ	ɯ	ɯ	ɯ	ɯ	93:1, 3443:1	(water flow) / ride
155-2	n	2	ɯ	ə	i	ɯ	i	ɯ	ə	əɯ	ɯ	ɯ	839:2, 1652:2	classifier [birds] / forest
169-2	n	2	ɯ	ɯ	ɯ	ɯ	e	ɯ	ɯ	ɯ	ə	ɯ	1143:1, 3352:1	black / dark / read
190-2	n	2	ɯ	ɯ	i	ɯ	u	i	ɯ	i	u	ɯ	1390:1, 4952:1	eat / village
485-2	n	2	ɯ	ə̃	ɯ	ɯ	o	ɯ	ə̃	ə̃ɯ	ɯ	ɯ	5071:1, 5082:1	wheat / wheat straw
129-1	n	1	ɯ	u	ɯ	ɯ	u	ɯ	ɯ	əɯ	ɯ	əɯ	599:1	blow (the trumpet)
163-1	n	1	ɯ	ɯ	ɯ	ɯ	a	ɯ	ɯ	ɯ	ɯ	ɯ	1001:1	cold
178-1	n	1	ɯ	ə̃	ɯ̃	ɯ	o	ɯ	ə̃	əɯ	o	ɯ	1263:1	dream
204-1	n	1	ɯ	u	ɯ	ɯ	u	ɯ	ɯ	əɯ	ɯ	ɯ	1618:1	float
221-1	n	1	ɯ	i	i	ɿ	i	i	i	əɯ	i	ɯ	1805:1	give
231-1	n	1	ɯ	u	ɯ	ɯ	u	u	u	əɯ	ɯ	u	1936:1	have eaten one's fill
234-1	n	1	ɯ	i	u	u	i	o	ə	a	ɯ	ɯ	1958:2	head
258-1	n	1	ɯ	u	ɯ	ɯ	u	u	u	ɯ	ɯ	o	2118:1	hug
292-1	n	1	ɯ	i	i	i	i	i	i	i	ɯ	i	2565:2	many
328-1	n	1	ɯ	ɯ	i	ɯ	i	i	ɯ	əɯ	i	ɯ	2889:2	nine
343-1	n	1	ɯ	ɯ	ɯ	ɯ	i	ɯ	ə̃	ɯ	ɯ	ɯ	3052:2	pea; bean
378-1	n	1	ɯ	ɯ	ɯ	ɯ	e	ɯ	ɯ	ə	ə	ɯ	3612:1	fill (a bowl with rice) / scoop up (water); ladle out
410-1	n	1	ɯ	ɯ	ɯ	ɯ	e	ɯ	ə	ə	ɯ	ɯ	4068:1	next year / stepmother
439-1	n	1	ɯ	ou	ɯ	ɯ	ɯ	ɯ	ou	ɯ	ɯ	ɯ	4377:1	thread
471-1	n	1	ɯ	ɯ	i	ɿ	e	ɯ	ɯ	əɯ	i	ɯ	4918:1	vegetable
478-1	n	1	ɯ	ə	ɯ	ə	i	ẽ	ə̃	ɯ	ɯ	ɯ	5037:2	wear (a hat)
483-1	n	1	ɯ	ə̃	i	ɯ	i	ɯ	i	e	ɯ	i	5048:2	weave; knit
509-1	n	1	ɯ	ɯ	ɯ̃	Ø	e	ẽ	eə	ə	ɯ	ɯ	327:1	back, behind
518-1	n	1	ɯ	ə	ɯ	ɯ	e	Ø	ə	əɯ	e	ɯ	752:1	cattle
540-1	n	1	ɯ	ə̃	ɯ	ɯ	o	ɯ	õ	Ø	ɯ	o	1433:1	escape; run away
559-1	n	1	ɯ	ɯ	i	ɯ	i	i	i	əɯ	Ø	ɯ	1925:1	have (you)
587-1	n	1	ɯ	õ	Ø	ɯ	o	o	ə̃	o	ɯ	ɯ	2664:1	mosquito
618-1	n	1	ɯ	ɯ	ɯ	ɯ	e	ɯ	ɯ	əɯ	Ø	ɯ	3667:1	sell
638-1	n	1	ɯ	ɯ	ɯ	ɯ	Ø	ɯ	ɯ	ʯ	ə	ɯ	4581:1	to hook
654-1	n	1	ɯ	ɯ	i	ɯ	i	Ø	ɯ	ou	ɯ	ɯ	4929:1	vegetable oil
689-1	n	1	ɯ	i	i	ɯ	i	i	Ø	i	ɯ	Ø	422:2	be hungry
709-1	n	1	ɯ	Ø	u	ɯ	u	ɯ	Ø	ə	ɯ	ɯ	2163:1	interest
729-1	n	1	ɯ	Ø	ɛ	ɯ	i	ə	Ø	ə̃	i	i	3205:2	piss; pee
765-1	n	1	ɯ	ẽ	Ø	ɯ	e	ɯ̃	ẽ	əɯ	Ø	ɯ	4326:1	thick
772-1	n	1	ɯ	ɯ	Ø	Ø	ɯ	ɯ	ə	ɯ	ɯ	ɯ	4602:1	to leak
795-1	n	1	ɯ	Ø	ɯ	ɯ	ɯ	ɯ	Ø	əɯ	ɯ	Ø	579:1	bladder
855-1	n	1	ɯ	Ø	Ø	ɯ	ɯ	ɯ	Ø	əɯ	ɯ̃	u	4799:1	turtledove
861-1	n	1	ɯ	ə	Ø	ɯ	i	Ø	ə	ɯ	ɯ	Ø	5143:1	willow
53-3	n	3	ɛ	e	ɛ	ɛ	e	e	e	e	ɛ	e	700:1, 2269:1, 3194:1	cane, vine / late / pine torches
355-3	n	3	ɛ	e	ɛ	ɛ	ɛ	e	e	ɛ	ɛ	e	3150:1, 979:1, 4647:1	cloth / pig / to poke; insert
546-3	n	3	ɛ	ʯ	ɛ	ɛ	u	e	ʯ	i	ə	ʯ	1484:2, 4752:1, 3997:1	fart / spit (noun or verb?) / transplant (rice seedling); insert
626-2	n	2	ɛ	e	ɛ	Ø	ɛ	e	i	ɛ	e	e	3885:2, 4834:2	snow / twist (a tower)
145-1	n	1	ɛ	e	ɛ	ɛ	ɛ	ɛ̃	i	e	ɛ	e	786:1	chicken
175-1	n	1	ɛ	e	ɛ	ɛ	ə	e	e	e	ɛ	e	1241:1	door
401-1	n	1	ɛ	e	ɛ	ɛ	ɛ	e	i	e	ɛ	e	3921:1	mud / soil; earth
436-1	n	1	ɛ	ẽ	i	ɿ	ɛ	e	ɯ	e	e	ɯ	4336:2	thief
455-1	n	1	ɛ	e	i	ɛ	ɛ	ə	e	ɛ	e	e	4731:2	tongue
460-1	n	1	ɛ	i	i	i	ɛ	e	i	ɛ	e	ɯ	4774:2	trip-hammer for hulling rice
536-1	n	1	ɛ	ʯ	u	ɛ	u	e	ʯ	Ø	ə	o	1206:2	direction; orientation
684-1	n	1	ɛ	e	ɛ	Ø	ɛ	e	a	ɛ	ɛ	Ø	338:2	bad (things)
712-1	n	1	ɛ	Ø	i	ɛ	u	e	u	a	ə	Ø	2207:2	kettle; pot
733-1	n	1	ɛ	Ø	i	i	ɛ	i	i	ɛ	e	Ø	3235:2	plougshare
742-1	n	1	ɛ	e	ɛ̃	ɛ	Ø	e	ɛ	ɛ	ɛ	Ø	3384:1	resin, colophony
743-1	n	1	ɛ	e	ɛ	ɛ	e	e	e	o	Ø	Ø	3477:1	root
752-1	n	1	ɛ	i	Ø	ɛ	ɛ	Ø	i	i	e	e	4012:2	squeeze (for milk)
775-1	n	1	ɛ	õ	ɛ	ɛ	u	Ø	Ø	i	ə	ou	4613:2	to owe (money)
871-1	n	1	ɛ	e	Ø	Ø	Ø	Ø	ẽ	o	ɛ	e	300:1	at night; in the evening
926-1	n	1	ɛ	Ø	Ø	Ø	ɛ	Ø	Ø	i	ɛ	i	4967:2	vomit/throw up
365-1	n	1	ə	e	i	i	i	i	e	ɛ	i	e	3409:1	rice
91-4	n	4	ɔ	ou	o	o	ao	o	ou	o	ɔ	o	3757:1, 4238:2, 2107:1, 724:1	cat / house / sieve; sifter / tea / tiger
123-3	n	3	ɔ	ou	o	a	a	o	ou	o	ɔ	o	512:1, 2108:1, 1519:1	big / fight / house
157-3	n	3	ɔ	u	o	o	o	o	ou	o	ɔ	o	863:2, 2976:2, 1075:1	classifier [grain] / correct; right / paddy rice
497-2	n	2	ɔ	õ	o	o	a	o	ou	e	ɔ	o	5225:1, 141:1	I / you
715-2	n	2	ɔ	o	i	o	ɛ	Ø	ou	o	ɔ	o	2303:2, 993:1	cloud / leaf
805-2	n	2	ɔ	ou	o	o	a	ʯ	ou	o	o	o	1074:1, 2911:1	correct; right / old lady
820-2	n	2	ɔ	u	o	a	a	o	i	ə	o	o	1947:1, 4474:1	he / to bet
114-1	n	1	ɔ	au	o	o	ao	ao	ou	o	ɔ	o	400:1	barley
166-1	n	1	ɔ	o	u	u	ao	u	ʯ	ʯ	ʯ	ʯ	1035:2	cook; boil
250-1	n	1	ɔ	o	o	o	ao	o	ʯ	o	o	ʯ	2074:1	horn
266-1	n	1	ɔ	i	y	u	u	u	ou	əɯ	ɔ	o	2280:1	laugh
281-1	n	1	ɔ	u	o	o	u	o	ou	o	ɔ	o	2439:1	lock (the door)
288-1	n	1	ɔ	u	o	o	ao	o	ou	o	ɔ	o	2495:1	love; like
293-1	n	1	ɔ	ou	u	u	u	o	ou	o	ɔ	ou	2611:1	medicine
346-1	n	1	ɔ	a	o	o	ao	o	ɑ	ə	ɔ	a	3064:1	peach
374-1	n	1	ɔ	ou	o	o	ao	o	ou	a	o	o	3536:2	sand
420-1	n	1	ɔ	õ	u	ɯ	o	o	õ	o	ɔ	ou	4185:1	stroke; touch
449-1	n	1	ɔ	ou	ʯ	o	ao	ʯ	ou	ə	ɔ	o	4557:1	to cough
487-1	n	1	ɔ	au	u	o	a	o	õ	o	ɔ	o	5100:1	whet (a knife)
519-1	n	1	ɔ	ou	o	o	a	o	ou	Ø	ɔ	o	809:1	chop (firewood)
528-1	n	1	ɔ	Ø	u	u	u	o	ou	o	o	ɑ	1086:1	cry (verb or noun?, should be made clear later on)
608-1	n	1	ɔ	Ø	o	o	ao	o	o	o	ɔ	o	3433:1	rich
643-1	n	1	ɔ	ou	o	u	Ø	u	ou	o	o	ou	4708:0	to water/sprinkle/irrigate
756-1	n	1	ɔ	ou	o	o	Ø	Ø	o	o	ɔ	a	4085:2	stick
828-1	n	1	ɔ	u	Ø	o	ao	Ø	ou	e	Ø	o	2256:1	lake / sea
914-1	n	1	ɔ	Ø	Ø	o	ao	Ø	Ø	ʯ	Ø	i	2977:1	paddy rice
301-2	n	2	ø	ou	o	o	u	o	õ	o	o	o	2674:1, 4069:1	mother / stepmother
830-1	n	1	ø	õ	Ø	o	u	o	õ	Ø	o	Ø	2577:1	mare
11-15	n	15	æ	ə	a	æ	æ	a	a	ə	a	ɛ	32:1, 452:1, 689:1, 1107:2, 1885:1, 3274:1, 3907:1, 742:1, 2600:1, 3128:1, 3373:2, 3566:1, 4412:1, 278:2, 2805:2	(people) crawl / ask; question / be on the other side of (a river) / buy / catch; capture / cut (meat) / guest / meat / name / pick up (food with chopstick) / price / red / scale / soft / thunder / to thunder
84-5	n	5	æ	ə̃	a	æ	a	ã	a	ə̃	a	ɛ	2406:2, 4023:2, 4462:1, 5009:2, 1056:1	copper, bronze / listen / star / to be ill / watery/thin (porridge)
83-3	n	3	æ	ə̃	a	æ	a	ã	a	ə	a	ɛ	2395:2, 3953:2, 1841:2	good / light / sound
259-2	n	2	æ	ə	a	æ	æ	a	a	ə	a	ə	2130:1, 1026:1	compensate / hundred
451-2	n	2	æ	e	a	æ	ɛ	a	i	ĩ	a	ɛ	4720:1, 280:2	ask; question / today
628-2	n	2	æ	ə̃	ã	æ	a	ã	a	ɚ	a	ɛ	3964:1, 1315:2	ear; spike / soup
635-2	n	2	æ	ə	a	æ	ɛ	o	a	ə	a	ɛ	4452:2, 2806:2	name / tile
721-2	n	2	æ	ə	Ø	æ	æ	a	a	ə̃	a	Ø	2474:1, 1:1	(birds)cry/chirp / loud
849-2	n	2	æ	ə	a	æ	æ	e	ɛ	ɚ	Ø	ɛ	3825:2, 3824:2	cliffy; precipitous / slanting; learning
158-1	n	1	æ	ə	a	æ	a	o	ɛ̃	ə̃	a	ɛ	896:1	classifier [room]
196-1	n	1	æ	ə̃	a	a	a	ã	a	ə̃	ɔ	ɛ	1518:1	fight
251-1	n	1	æ	ə	a	æ	æ	o	a	ə	a	ɛ	2085:1	horse
271-1	n	1	æ	ou	a	æ	æ	o	ou	ɚ	a	o	2342:2	leg
312-1	n	1	æ	a	a	a	a	a	a	ə	a	a	2772:1	nail
316-1	n	1	æ	ə̃	i	æ	e	i	a	ə	a	ɛ	2791:2	nail; tack
320-1	n	1	æ	ə	ɛ	a	æ	ə	a	ə	a	ɛ	2816:2	narrow
349-1	n	1	æ	ɑ	a	æ	æ	a	ɑ	ɛ	a	a	3084:2	persimmon
358-1	n	1	æ	ə̃	a	æ	a	õ	a	ə̃	a	ɛ	3214:1	plank; board
389-1	n	1	æ	ə̃	a	æ	a	ã	ɛ̃	ə̃	a	ɛ	3689:1	shadow
394-1	n	1	æ	ə̃	a	ɛ	æ	ã	a	ə̃	a	ɛ	3855:1	smooth
446-1	n	1	æ	ə	a	æ	æ	a	a	ə	ɯ	ɛ	4500:2	to borrow (money) / to borrow (tools)
489-1	n	1	æ	ə	a	a	æ	a	a	ə	a	ɛ	5111:1	white
505-1	n	1	æ	Ø	ə	æ	a	ã	a	ə	a	o	64:1	(soul); spirit
511-1	n	1	æ	Ø	a	æ	e	ã	a	ə	a	ɛ	412:1	be blind
533-1	n	1	æ	ou	Ø	æ	æ	o	a	ə	a	ɛ	1130:1	cut/rip open
582-1	n	1	æ	ə	i	ɛ	æ	o	a	Ø	a	ɛ	2576:1	mare
617-1	n	1	æ	ə	a	æ	æ	a	a	ɛ	Ø	ɛ	3601:1	scissor
621-1	n	1	æ	ə̃	a	ɛ	a	Ø	a	ə̃	a	ɛ	3712:2	shave (the head)
677-1	n	1	æ	e	a	a	ɛ	o	a	Ø	a	Ø	161:2	[castrate (chicken)]
737-1	n	1	æ	Ø	a	a	a	õ	o	ɛ	o	Ø	3297:2	pull up (weeds)
777-1	n	1	æ	ə	Ø	æ	æ	Ø	ɑ	ə	a	ɛ	4657:1	to rake (the fields)
889-1	n	1	æ	Ø	Ø	a	a	a	Ø	e	Ø	a	2002:1	hedgehog
893-1	n	1	æ	a	Ø	a	Ø	Ø	o	a	Ø	a	2375:2	lift (the lid)
822-1	n	1	ã	Ø	u	o	ao	õ	Ø	Ø	o	a	2062:1	hoof
704-2	n	2	Ø	ã	a	a	a	a	a	a	a	a	1695:0, 4965:2	fraud / one / vomit/throw up
887-2	n	2	Ø	u	o	a	ao	o	u	ə	Ø	u	1840:1, 4988:1	good / want; need
935-2	n	2	Ø	Ø	ɯ	Ø	Ø	ɯ̃	ẽ	e	ẽ	ɛ	3624:1, 4284:2	lake / sea / tender young (plant)
573-1	n	1	Ø	o	u	ɿ	i	ĩ	ʯ	u	ə̃	ʯ	2231:1	kneel
576-1	n	1	Ø	o	o	ɿ	i	ə	i	y	ə̃	i	2461:1	lose (a game)
640-1	n	1	Ø	ʯ	ʯ	o	u	ʯ	ʯ	ʯ	ʯ	ʯ	4669:1	saw / to saw
668-1	n	1	Ø	Ø	a	a	a	ã	a	ə̃	a	ɛ	65:2	(soul); spirit
706-1	n	1	Ø	u	õ	u	õ	õ	õ	ɛ	Ø	ou	1717:0	frog
723-1	n	1	Ø	Ø	i	i	e	i	i	i	i	i	2754:1	musk
807-1	n	1	Ø	ʯ̃	Ø	ɛ	ũ	i	ʯ̃	Ø	ə	ʯ	1218:1	divide; share (things)
814-1	n	1	Ø	Ø	i	ɯ	i	e	Ø	ɛ	ɯ	ɯ	1897:2	hair
825-1	n	1	Ø	ou	ɛ	Ø	u	o	ou	o	Ø	ou	2218:1	key
838-1	n	1	Ø	ə	i	Ø	i	õ	ɯ	əɯ	Ø	ɯ	3161:1	pillar
846-1	n	1	Ø	o	Ø	o	u	Ø	ʯ	ʯ	o	ʯ	3790:1	six
852-1	n	1	Ø	õ	e	i	Ø	ə̃	ʯ̃	Ø	ẽ	ʯ	3932:1	soldier
865-1	n	1	Ø	Ø	u	u	u	u	Ø	Ø	o	ou	44:0	(rain) fall / easy
879-1	n	1	Ø	Ø	u	u	õ	u	Ø	õ	Ø	i	1155:2	daughter
885-1	n	1	Ø	Ø	ɯ	ɯ	o	ɯ̃	Ø	o	o	Ø	1653:1	forest
928-1	n	1	Ø	Ø	i	u	u	i	Ø	Ø	Ø	Ø	249:1	ant
937-1	n	1	Ø	Ø	a	ə	Ø	Ø	e	Ø	Ø	e	3734:1	shoe
943-1	n	1	Ø	Ø	Ø	Ø	õ	Ø	ɑ	o	Ø	i	5250:1	cold / younger sister
126-3	n	3	u	u	u	u	u	u	u	u	o	u	556:2, 1360:1, 4135:1	bitter / earth quake / stomach [bird crop]
98-2	n	2	u	o	o	a	a	a	ʯ	o	ʯ	i	21:1, 303:2	(head) ache / at night; in the evening
136-2	n	2	u	u	ʯ	u	u	ʯ	o	ʯ	ʯ	u	656:2, 4473:1	bridge / to bet
183-2	n	2	u	u	i	i	y	i	u	u	i	u	1326:2, 1498:2	early / female genitals
754-2	n	2	u	u	ɯ	ɯ	y	u	u	ɯ	o	u	4045:1, 3922:1	soil; earth / step
790-2	n	2	u	ou	u	u	u	u	ou	o	Ø	u	192:1, 43:1	(rain) fall / [pull up weeds]
812-2	n	2	u	ei	u	u	o	u	ei	ə	ʯ	Ø	1598:1, 4123:1	five / stomach
902-2	n	2	u	u	i	u	y	ə̃	Ø	ʯ	i	u	4522:1, 4166:2	straw or palm-bark rain cape / to burn
104-1	n	1	u	õ	õ	o	o	ə	ʯ̃	o	ʯ	i	236:1	alcoholic beverage
223-1	n	1	u	õ	y	u	ao	y	ʯ	ɯ	ʯ	i	1816:1	glutinous rice
237-1	n	1	u	õ	o	o	o	õ	ʯ̃	õ	ʯ	ʯ	1991:1	heavy
246-1	n	1	u	o	u	o	ao	u	ʯ̃	u	ʯ	ʯ	2051:1	hoe (large)
308-1	n	1	u	o	u	o	ao	u	ʯ̃	ʯ	ʯ	ɯ	2720:2	muddy; turbid
329-1	n	1	u	u	ʯ	u	u	ʯ	u	ʯ	ʯ	u	2900:1	old
330-1	n	1	u	õ	o	o	ə	o	ʯ̃	o	ʯ	i	2928:1	onion, scallion
341-1	n	1	u	u	u	u	y	u	u	əɯ	ʯ	o	3031:2	path; road
381-1	n	1	u	o	u	o	o	õ	ʯ̃	o	ʯ	ʯ	3634:2	seed
383-1	n	1	u	u	u	u	y	y	u	u	ʯ	u	3645:2	seed of Chinese prickly ash
491-1	n	1	u	o	u	o	ao	u	ʯ̃	õ	ʯ	ʯ	5192:2	worm
623-1	n	1	u	u	ɯ	ɯ	u	u	u	əɯ	ɯ	Ø	3867:1	patch (clothing) / snake
633-1	n	1	u	u	u	u	u	ʯ	u	Ø	ʯ	u	4102:2	stinking; smelly
642-1	n	1	u	u	Ø	u	y	u	u	u	ʯ	ʯ	4676:2	to smell
646-1	n	1	u	o	o	a	i	õ	ʯ̃	o	ʯ	Ø	4742:2	trace; track
691-1	n	1	u	ʯ̃	Ø	o	u	Ø	ʯ̃	e	ə̃	ʯ	490:2	bee
746-1	n	1	u	Ø	o	æ	æ	o	ʯ̃	o	ʯ	Ø	3576:1	scar
759-1	n	1	u	u	Ø	u	i	Ø	u	u	ʯ	u	4112:2	stir-fry; stir
792-1	n	1	u	o	Ø	o	Ø	Ø	ʯ	ɯ	ə	ʯ	501:2	belly
809-1	n	1	u	u	Ø	u	o	Ø	u	əɯ	Ø	u	1286:1	drum
836-1	n	1	u	Ø	u	o	o	Ø	õ	o	Ø	ou	3043:1	pave; lay
854-1	n	1	u	Ø	Ø	i	i	i	Ø	i	ɯ	u	4798:1	turtledove
88-4	n	4	o	ou	u	u	u	o	ou	o	u	ou	3225:1, 3340:1, 3183:1, 1379:1	bird / easy / pine / plough; till / put on (the shoes)
52-3	n	3	o	o	ʯ	u	ao	ʯ	ʯ	ʯ	ʯ	ʯ	678:1, 3779:1, 181:0	[loach] / buckwheat / sit
112-3	n	3	o	o	u	o	ao	u	ʯ	u	ʯ	ʯ	348:2, 184:1, 524:0	[loach] / bamboo / bind; tie up
211-3	n	3	o	ou	o	o	o	õ	õ	o	o	ou	1731:2, 1066:1, 2755:2	corpse / frost / musk
570-3	n	3	o	o	ɯ	o	o	õ	õ	o	ʯ	ou	2174:2, 4591:2, 667:2	brothers / intestine; guts / to itch/tickle
681-3	n	3	o	ũ	e	o	ɯ	ə	ʯ̃	o	ʯ	o	207:2, 1154:2, 5247:2	a half / daughter / younger sister
811-3	n	3	o	Ø	u	o	o	u	ɔ	e	ʯ	o	1587:1, 3184:2, 4475:1	fish / pine / to bet
120-2	n	2	o	o	u	o	o	u	õ	i	o	o	474:2, 114:1	(xx language) / bed
133-2	n	2	o	õ	õ	o	o	õ	õ	ə̃	ʯ	ao	632:1, 2753:2	brains / musk
219-2	n	2	o	o	u	o	o	o	õ	o	o	ou	1794:1, 3723:2	ginger / sheep (general)
240-2	n	2	o	o	u	o	o	õ	õ	o	o	ou	2018:1, 1682:2	fragrant (smell) / hide
514-2	n	2	o	o	ɛ	ɿ	i	ə	ʯ	u	ə	ʯ	545:2, 1784:2	bird's nest / ghost, spirit
539-2	n	2	o	õ	õ	o	o	õ	ʯ̃	o	o	o	1423:1, 940:1	classifier [weight unit] / empty
648-2	n	2	o	ou	o	u	Ø	o	ou	o	u	o	4844:1, 82:2	(wasps) sting / twist (hemp fivers)
794-2	n	2	o	ʯ	a	o	u	o	ʯ	əɯ	ə	Ø	523:2, 2731:2	bind; tie up / muntjac; barking deer
929-2	n	2	o	ə	Ø	o	a	Ø	Ø	ɛ̃	a	ɛ	711:2, 4646:2	carry (shoulder) / to poke; insert
141-1	n	1	o	o	a	o	o	õ	õ	o	o	o	763:2	chaff; bran
147-1	n	1	o	i	y	u	u	ʯ	ou	o	u	u	798:1	chisel
151-1	n	1	o	o	u	o	ao	u	ʯ̃	əɯ	ʯ	ʯ	820:2	chopsticks
160-1	n	1	o	õ	y	o	o	õ	õ	o	o	ou	916:2	classifier [sheet of paper]
165-1	n	1	o	ə	y	u	ao	u	ʯ̃	u	ʯ	ʯ	1015:2	comb
176-1	n	1	o	õ	u	u	õ	u	ʯ̃	o	o	ʯ	1252:1	dragon
186-1	n	1	o	o	o	o	e	õ	õ	o	o	u	1337:2	earrings
205-1	n	1	o	ou	u	u	u	o	ou	o	o	o	1640:1	foot
244-1	n	1	o	au	o	o	õ	o	ao	o	o	o	2040:2	hillside; mountain slope
264-1	n	1	o	ou	o	u	u	o	o	o	u	o	2245:2	ladle
278-1	n	1	o	o	ʯ	u	ao	ʯ	ʯ	ʯ	y	ʯ	2417:1	live; reside
284-1	n	1	o	õ	u	o	ou	õ	õ	o	ʯ	ou	2450:2	long
290-1	n	1	o	o	u	o	ao	u	ʯ̃	e	y	ʯ	2540:2	maggot
303-1	n	1	o	o	ɛ	o	ao	ə̃	ʯ̃	e	e	ʯ	2685:2	mountain
306-1	n	1	o	o	y	u	ao	u	ʯ	ou	ʯ	ʯ	2698:2	mouse
352-1	n	1	o	o	i	o	ao	ɯ	õ	o	o	ɯ	3139:1	pick up (food with chopstick) [fasten the belt]
366-1	n	1	o	õ	u	o	o	õ	ʯ	o	o	ʯ	3454:1	river
368-1	n	1	o	ou	u	u	u	o	ou	o	u	o	3493:1	rope
370-1	n	1	o	o	o	o	o	u	õ	əɯ	o	ou	3525:1	salty
385-1	n	1	o	ou	o	u	u	o	ou	əɯ	u	o	3656:2	seep [sweep]
398-1	n	1	o	o	ɛ	ɿ	i	ə̃	ʯ	u	ə̃	ʯ	3866:2	snake
414-1	n	1	o	ou	u	u	u	o	ou	ʯ	u	ou	4143:2	stone
431-1	n	1	o	õ	u	o	ao	o	ʯ̃	u	y	ʯ	4304:2	the 12 animals representing the 12 years
434-1	n	1	o	õ	o	o	o	ɯ	õ	o	o	o	4315:2	the upper part; up reaches; above
466-1	n	1	o	o	ʯ	u	o	o	õ	o	ə	ou	4854:1	two
504-1	n	1	o	ɯ	u	o	ao	o	ʯ̃	u	y	Ø	9:2	(fruit) be ripe
522-1	n	1	o	o	o	o	o	õ	õ	Ø	o	ou	853:1	classifier [clothes]
531-1	n	1	o	Ø	u	o	ao	ɯ	ʯ	u	ʯ	ʯ	1097:1	curved; crooked; bent
565-1	n	1	o	ou	o	o	o	õ	ou	ɛ	o	Ø	2141:2	ice
603-1	n	1	o	Ø	u	u	õ	u	ʯ̃	əɯ	e	u	3330:2	pus
657-1	n	1	o	ou	u	u	u	u	ou	o	u	Ø	5027:2	wear (a bracelet)
694-1	n	1	o	Ø	õ	o	õ	õ	Ø	o	o	o	907:1	classifier [sack of rice]
695-1	n	1	o	u	y	u	u	Ø	ou	o	u	Ø	1046:1	cooking stove; kitchen range
769-1	n	1	o	o	u	Ø	Ø	u	ʯ̃	u	ʯ	ʯ	4548:2	to comb
776-1	n	1	o	Ø	õ	o	o	o	ʯ̃	Ø	o	o	4625:1	to pen in (sheep)
788-1	n	1	o	ũ	i	Ø	Ø	u	ʯ̃	õ	e	ʯ	5181:2	woman
835-1	n	1	o	ou	u	o	Ø	Ø	ou	o	u	Ø	3009:1	pare/peel with a knife
841-1	n	1	o	o	Ø	o	Ø	Ø	õ	õ	ʯ	ou	3469:1	roast in fire
857-1	n	1	o	ə	Ø	Ø	Ø	u	õ	o	ʯ	ou	4987:2	want; need
862-1	n	1	o	Ø	ɯ	o	u	o	Ø	Ø	o	o	5164:1	winnowing fan
864-1	n	1	o	Ø	õ	o	a	Ø	Ø	o	o	ʯ	5204:1	yellow
876-1	n	1	o	ə	Ø	æ	æ	Ø	Ø	i	ə	Ø	831:2	classifier [back of firewood]
897-1	n	1	o	Ø	a	o	o	Ø	Ø	Ø	o	ou	3986:1	speech; words; language
899-1	n	1	o	Ø	Ø	o	ɯ	Ø	Ø	ɯ	ə	ɛ	4433:2	tie (a cow) to
10-25	n	25	i	i	i	i	i	i	i	i	i	i	1173:2, 1348:1, 1507:1, 1671:2, 2316:2, 3678:2, 3942:1, 5163:1, 227:1, 4196:2, 2966:1, 2010:1, 2990:2, 4347:1, 3096:1, 3769:1, 1874:1, 3701:1, 4165:2, 1497:2, 2506:2, 369:1, 171:1, 722:1, 1565:1	[cow louse] / air; breath / bamboo piece / cat / dead / die / earth / earth quake / female genitals / fertilizer; manure / fire / four / grind (flour) / hemp / leech / low; short / paddy fields / paint / person / seven / sharp / silver / smoke / son / straw or palm-bark rain cape / suck / think / twist (a tower) / winnowing fan
46-3	n	3	i	i	ɛ	ɿ	i	ə	a	i	ə	i	53:1, 4814:1, 4124:1	(rice) seedling / pick up / stomach / ten / twelve
287-2	n	2	i	i	i	i	i	i	i	i	i	e	2484:2, 1166:2	day / louse
741-2	n	2	i	i	o	i	i	Ø	i	ə	i	i	3319:2, 3896:1	pull; tug / soak; steep
810-2	n	2	i	i	i	i	ɛ	ĩ	i	ĩ	e	i	1564:2, 4367:1	fire / thousand
817-2	n	2	i	Ø	i	ɛ	ɛ	e	ɑ̃	ɛ	e	a	1898:2, 1654:2	forest / hair
842-2	n	2	i	i	ɛ	ɛ	Ø	e	ə	i	ɛ	i	3478:1, 441:2	be numb / root
850-2	n	2	i	i	i	i	i	i	i	ɛ	e	i	3834:2, 4206:2	smoke / sun
892-2	n	2	i	ə	o	ɛ	Ø	ẽ	i	i	y	i	2327:2, 2329:2	left
912-2	n	2	i	i	i	ɛ	y	ẽ	a	u	i	Ø	2965:2, 4489:2	low; short / paddy fields / to block (the wind)
919-2	n	2	i	Ø	i	ə	e	i	ĩ	əɯ	e	ɯ	4283:2, 4525:2	tender young (plant) / to burn
109-1	n	1	i	i	i	ɿ	a	ə	a	i	i	i	289:2	astringent; like unripe
193-1	n	1	i	i	ɛ	ɿ	i	ə	i	i	i	i	1451:2	excrement
201-1	n	1	i	i	ɛ	ɿ	i	ə	i	i	ə	i	1544:2	finger
229-1	n	1	i	i	ɛ	ɿ	i	i	i	i	i	i	1862:2	grease, fat
248-1	n	1	i	i	i	a	i	i	i	i	o	i	2064:1	hoof / man
274-1	n	1	i	i	ɛ	ɿ	i	ə̃	i	i	i	i	2364:1	lick, lap
324-1	n	1	i	i	y	i	i	ĩ	i	i	i	i	2848:1	nephew
338-1	n	1	i	i	ɛ	ɿ	i	ə̃	i	i	ə̃	i	2998:2	paper
476-1	n	1	i	ui	i	i	y	i	i	i	i	i	4998:2	water
506-1	n	1	i	i	ɯ	ɯ	u	ɯ	õ	i	Ø	i	247:2	ant
597-1	n	1	i	i	Ø	i	i	i	ɯ	e	i	e	3106:2	pheasant
630-1	n	1	i	i	o	o	a	Ø	i	i	i	i	3996:2	spit (noun or verb?)
672-1	n	1	i	ə	i	i	i	Ø	i	o	i	Ø	119:2	Chinese chestnut
731-1	n	1	i	Ø	i	i	i	ĩ	i	i	i	Ø	3234:1	plougshare
832-1	n	1	i	i	a	ɛ	Ø	o	i	Ø	Ø	i	2643:2	moon
48-4	n	4	e	e	ɛ	i	i	ẽ	e	e	e	i	267:2, 1969:2, 3095:2, 4205:1	arrow / heart / person / silver / sun
137-3	n	3	e	i	i	i	i	e	i	ɛ	i	e	668:2, 172:1, 4491:1	[cow louse] / brothers / to block (the wind) / younger sister
194-3	n	3	e	e	i	ɛ	e	i	e	e	e	e	1473:2, 3745:1, 4261:2	boat; ship / far / sickle / tear up, rip
500-3	n	3	e	e	u	i	i	ə	e	e	i	e	379:1, 3010:1, 502:1	bark / belly / pare/peel with a knife / skin
70-2	n	2	e	e	ɛ	i	e	ẽ	e	e	e	i	1575:2, 2859:2	firewood / new
261-2	n	2	e	e	i	i	i	i	e	ɛ	i	ɛ	2184:1, 1873:2	grind (flour) / iron
660-2	n	2	e	e	ɛ	i	e	ẽ	ẽ	e	e	e	5059:2, 2195:2	jar / weigh (food)
701-2	n	2	e	a	ɛ	ɿ	i	ə̃	a	ɛ	ə̃	e	1609:2, 885:1	classifier [length unit] / fling; toss
727-2	n	2	e	e	ɛ	Ø	a	ẽ	e	ĩ	e	i	3075:2, 4366:2	peppery / thousand
144-1	n	1	e	e	ɛ	ɛ	e	e	e	ɛ	e	i	775:2	change
171-1	n	1	e	ə	ɛ	ɿ	i	õ	a	e	ə̃	i	1184:2	deep
191-1	n	1	e	e	ɛ	ɛ	e	ẽ	e	ɛ	e	e	1401:1	egg
225-1	n	1	e	e	i	i	e	ĩ	e	e	e	ɛ	1829:2	gold
255-1	n	1	e	e	i	i	i	i	ẽ	ɛ	e	e	2096:2	hot
268-1	n	1	e	e	ɛ	ɛ	e	ə̃	e	e	e	e	2291:2	lay (eggs)
310-1	n	1	e	ə	ɛ	æ	ẽ	ə̃	a	e	ə̃	ɛ	2740:2	mushroom
322-1	n	1	e	ə̃	ẽ	ɿ	ə	ə̃	a	e	ə̃	i	2837:2	needle
356-1	n	1	e	ə	ɛ	ɿ	i	ə	i	e	ə̃	i	3172:2	pillow
361-1	n	1	e	e	ɛ	ɛ	ə	e	ẽ	e	a	e	3308:1	pull/lead (a cow) along
364-1	n	1	e	ə̃	ɛ	ɿ	ẽ	ə̃	a	e	ə̃	i	3362:2	real
391-1	n	1	e	e	ɛ̃	ɛ	e	ɛ̃	e	e	e	e	3813:1	sky
392-1	n	1	e	e	ɛ	i	i	e	e	e	e	e	3835:2	smoke
418-1	n	1	e	e	i	ɛ	e	i	e	e	e	ou	4154:2	straight
423-1	n	1	e	ə̃	ɛ	ɿ	ə̃	ə	a	e	ə̃	i	4227:2	swell
427-1	n	1	e	e	i	i	e	ĩ	e	ĩ	e	e	4293:2	tendon; sinew
443-1	n	1	e	e	ẽ	ɛ	e	ẽ	e	e	e	e	4411:1	thunder / to thunder
464-1	n	1	e	e	ɛ	ɛ	e	e	e	a	e	e	4787:2	turn around
472-1	n	1	e	e	o	ɛ	e	i	e	e	e	e	4940:2	vertical, be standing
494-1	n	1	e	e	i	i	i	i	i	ĩ	e	i	5214:2	yesterday
499-1	n	1	e	e	i	i	i	e	i	ɛ	i	e	5236:2	younger brother
527-1	n	1	e	e	Ø	i	i	i	e	i	i	e	971:1	close (the mouth) / close (the mouth) lightly
543-1	n	1	e	ẽ	i	i	e	Ø	ẽ	ɛ	e	e	1462:2	eye
549-1	n	1	e	ʯ	Ø	ɛ	u	i	ʯ	i	ə	ʯ	1629:2	fly
562-1	n	1	e	e	ɛ̃	Ø	e	ẽ	e	ɛ	e	ɛ	1980:2	heat up (cold rice)
580-1	n	1	e	e	ɛ̃	Ø	e	ẽ	e	e	e	ɛ	2517:2	lukewarm
591-1	n	1	e	e	o	i	e	o	Ø	e	e	e	2827:2	near
613-1	n	1	e	ẽ	ɛ	Ø	e	e	ẽ	e	e	e	3504:2	round
652-1	n	1	e	e	o	Ø	a	ə	e	u	i	u	4879:2	unseam (clothing)
664-1	n	1	e	ɛ̃	i	Ø	e	i	i	e	e	i	5152:2	wind
686-1	n	1	e	e	ɛ	i	e	Ø	ẽ	Ø	e	ɛ	359:2	bamboo food steamer
762-1	n	1	e	Ø	ɛ	ɿ	ə̃	ə̃	Ø	e	ə̃	a	4176:2	stretch out (the arm)
766-1	n	1	e	i	i	Ø	Ø	e	i	i	i	i	4357:1	thorn; splinter
779-1	n	1	e	e	Ø	ɛ	ɛ	Ø	e	e	e	e	4815:1	twelve
798-1	n	1	e	Ø	ɛ	ɿ	e	ẽ	Ø	e	i	Ø	886:2	classifier [length unit]
845-1	n	1	e	Ø	i	Ø	e	ẽ	e	e	e	Ø	3518:2	salt / to plait
859-1	n	1	e	Ø	ɛ	ɿ	i	ə	a	Ø	ə̃	Ø	5019:2	wave; wield
898-1	n	1	e	e	Ø	i	Ø	Ø	Ø	ɛ	o	e	4260:1	tear up, rip
295-6	n	6	a	a	a	a	a	a	ɑ̃	a	ɔ	a	2632:2, 216:2, 104:2, 2871:2, 4081:2, 4216:1	(water) be boiling / a year old / blood / month / next year / stick / sweat
132-5	n	5	a	a	a	a	a	a	ɑ	a	u	a	621:2, 4056:1, 4571:2, 4217:1, 3746:2	bone / sickle / step on; tread / sweat / to drop
173-5	n	5	a	a	a	a	a	õ	ɑ̃	a	a	a	1230:2, 3561:2, 133:1, 725:0, 3296:1	Han Chinese / cat / dog / pull up (weeds) / say
516-5	n	5	a	a	a	a	a	a	ɑ	a	o	a	645:1, 5122:2, 3421:2, 200:2, 1413:2	[wood] / breasts / eight / rice straw / wheat straw / wide
208-3	n	3	a	a	o	a	a	a	ɑ	a	ɔ	a	1706:2, 3263:1, 423:1	be hungry / friend / press, push down
734-3	n	3	a	a	i	a	a	a	o	a	ɔ	a	3251:1, 1305:2, 1412:2	eagle fern / eight / press (with palm of finger)
117-2	n	2	a	a	o	a	a	a	ɑ	ɐ	ɔ	a	463:1, 3285:2	be thirsty / pull (a quilt over oneself)
180-2	n	2	a	ã	o	a	a	ã	ɑ̃	a	ɔ	a	1294:1, 4488:1	dry / high / teach / to block (the wind)
441-2	n	2	a	ã	o	a	a	ã	ɑ̃	a	a	a	4400:1, 4909:1	three / vat; jar
556-2	n	2	a	a	a	ɛ	a	ã	ɑ̃	a	o	a	1762:2, 3975:2	garlic / sour
606-2	n	2	a	a	o	a	a	a	ɑ	i	ɔ	o	3397:1, 1361:1	earth quake / return
697-2	n	2	a	ã	o	ɛ	a	a	ɑ̃	e	o	a	1119:2, 3252:0	cut up (vegetable) / press (with palm of finger)
718-2	n	2	a	ã	ɛ	ɛ	i	e	ɑ̃	a	ə	a	2355:2, 712:1	carry (shoulder) / leopard; panther
720-2	n	2	a	u	o	o	ao	o	ɑ	i	ɔ	a	2379:1, 2205:1	kettle; pot / lift (the lid)
839-2	n	2	a	a	a	a	Ø	ə	ɑ̃	a	o	a	3420:1, 611:2	boat; ship / rice straw
868-2	n	2	a	ã	a	a	a	a	ɑ̃	ɛ	Ø	e	152:1, 132:1	Han Chinese / [Distillers grains]
905-2	n	2	a	ə	a	æ	a	a	ɛ	e	Ø	ɯ	723:2, 2143:2	cat / ice
216-1	n	1	a	a	a	ɛ	e	õ	ɑ̃	a	a	a	1751:2	garden (plot)
228-1	n	1	a	a	a	ɛ	a	õ	ɑ̃	a	a	a	1851:2	grandson
279-1	n	1	a	ã	o	a	a	ã	ɑ	a	ɔ	a	2428:1	liver
299-1	n	1	a	ã	a	a	a	õ	ɑ̃	a	o	a	2644:2	moon
335-1	n	1	a	a	a	a	a	õ	ɑ̃	a	ɔ	a	2952:2	outside
376-1	n	1	a	a	o	a	a	a	ɑ	ɐ	ɔ	ɛ	3590:1	scatter (seeds)
525-1	n	1	a	a	ɛ	ɛ	ɛ	ẽ	ɑ	eɯ	o	Ø	874:2	classifier [handfull]
553-1	n	1	a	a	a	i	Ø	ə̃	ɑ	a	ɔ	a	1693:2	fraud
585-1	n	1	a	ã	a	ɛ	e	õ	ɑ̃	Ø	ɔ	a	2622:2	monkey
894-1	n	1	a	Ø	Ø	a	a	Ø	ɑ	Ø	a	ou	2578:2	mare
909-1	n	1	a	Ø	Ø	a	Ø	Ø	o	o	Ø	a	2531:2	lung
949-1	n	1	a	a	Ø	Ø	Ø	Ø	ɔ	Ø	Ø	Ø	1896:1	hair
878-2	m	2	Ø	i	i	i	i	i	i	-	Ø	-	1155:1, 2753:1	daughter / musk
816-1	m	1	Ø	Ø	-	i	j	-	Ø	-	-	-	1898:1	hair
918-1	m	1	Ø	Ø	-	i	-	-	Ø	i	Ø	Ø	4283:1	tender young (plant)
930-1	m	1	Ø	Ø	y	Ø	w	w	Ø	Ø	-	Ø	1413:1	eight
932-1	m	1	Ø	Ø	-	u	Ø	ɥ	Ø	Ø	-	Ø	2329:1	left
938-1	m	1	Ø	Ø	ɥ	Ø	-	y	Ø	Ø	-	Ø	4166:1	straw or palm-bark rain cape
941-1	m	1	Ø	-	-	Ø	Ø	-	j	Ø	Ø	Ø	4965:1	vomit/throw up
94-17	m	17	w	w	w	w	w	w	w	w	w	w	216:1, 5122:1, 1564:1, 3834:1, 104:1, 338:1, 2871:1, 3235:1, 3421:1, 4081:1, 1305:1, 1315:1, 200:1, 723:1, 4571:1, 4967:1, 280:1	(water) be boiling / [wood] / a year old / ask; question / bad (things) / blood / cat / eagle fern / ear; spike / fire / next year / plougshare / rice straw / smoke / stick / to drop / vomit/throw up / wheat straw / wide
66-5	m	5	w	w	-	ɥ	ɥ	ɥ	w	w	w	w	1473:1, 4940:1, 3561:1, 4834:1, 1654:1	far / forest / say / twist (a tower) / vertical, be standing
555-3	m	3	w	w	w	ɥ	w	w	w	w	-	w	1762:1, 3975:1, 1119:1	cut up (vegetable) / garlic / sour
86-2	m	2	w	-	w	-	-	-	-	w	w	-	2632:1, 2952:1	month / outside
542-2	m	2	w	-	w	w	-	Ø	-	w	-	-	1462:1, 359:1	bamboo food steamer / eye
579-2	m	2	w	-	w	w	-	-	w	-	-	-	2517:1, 2195:1	jar / lukewarm
612-2	m	2	w	-	w	-	-	w	-	-	-	-	3504:1, 4452:1	round / tile
751-2	m	2	w	-	y	u	w	-	w	-	w	w	4012:1, 2806:1	name / squeeze (for milk)
131-1	m	1	w	w	w	w	w	w	u	w	-	w	621:1	bone
172-1	m	1	w	w	w	w	w	-	w	w	w	w	1230:1	dog
215-1	m	1	w	w	w	ɥ	ɥ	-	w	w	w	w	1751:1	garden (plot)
227-1	m	1	w	w	w	ɥ	w	-	w	w	w	w	1851:1	grandson
270-1	m	1	w	-	w	w	w	-	-	w	w	-	2342:1	leg
298-1	m	1	w	-	w	-	-	-	-	w	-	-	2644:1	moon
417-1	m	1	w	w	-	ɥ	w	ɥ	w	w	w	j	4154:1	straight
459-1	m	1	w	w	-	ɥ	ɥ	w	w	-	w	-	4774:1	trip-hammer for hulling rice
463-1	m	1	w	w	ɥ	ɥ	ɥ	ɥ	w	w	ɥ	w	4787:1	turn around
475-1	m	1	w	j	ɥ	ɥ	-	ɥ	ɥ	ɥ	ɥ	ɥ	4998:1	water
524-1	m	1	w	w	-	-	-	-	u	-	w	Ø	874:1	classifier [handfull]
561-1	m	1	w	w	w	Ø	-	-	w	w	-	-	1980:1	heat up (cold rice)
584-1	m	1	w	w	w	ɥ	ɥ	-	w	Ø	-	w	2622:1	monkey
625-1	m	1	w	w	w	Ø	w	w	w	ɥ	w	w	3885:1	snow
659-1	m	1	w	ɥ	w	Ø	ɥ	w	ɥ	w	j	ɥ	5059:1	weigh (food)
848-1	m	1	w	Ø	w	w	w	w	Ø	w	Ø	-	3825:1	slanting; learning
911-1	m	1	w	ɥ	Ø	Ø	Ø	Ø	-	-	ɥ	Ø	2965:1	paddy fields
380-1	m	1	s	-	-	-	-	-	-	-	-	-	3634:1	seed
4-24	m	24	r	-	-	-	-	-	-	-	-	-	348:1, 1015:1, 1035:1, 1184:1, 1451:1, 1544:1, 1862:1, 2450:1, 2698:1, 2998:1, 3172:1, 3362:1, 3645:1, 4227:1, 247:1, 1784:1, 3205:1, 4176:1, 545:1, 5019:1, 4165:1, 1497:1, 1873:1, 2506:1	ant / bamboo / bird's nest / comb / cook; boil / deep / excrement / female genitals / finger / ghost, spirit / grease, fat / grind (flour) / long / low; short / mouse / paper / pillow / piss; pee / real / seed of Chinese prickly ash / straw or palm-bark rain cape / stretch out (the arm) / swell / wave; wield
15-11	m	11	r	-	-	j	-	-	-	-	j	-	763:1, 929:1, 1543:1, 1914:1, 2685:1, 4763:1, 2771:1, 1897:1, 1841:1, 611:1, 3162:1	boat; ship / chaff; bran / classifier [tree] / finger / good / hair / hand / mountain / nail / pillar / tree
666-6	m	6	r	j	-	j	Ø	Ø	j	j	j	j	278:1, 1412:1, 2375:1, 4085:1, 2531:1, 3824:1	ask; question / cliffy; precipitous / eight / lift (the lid) / lung / slanting; learning / stick
38-4	m	4	r	-	-	j	-	-	-	-	-	-	1107:1, 2740:1, 4034:1, 3373:1	cut (meat) / mushroom / red / steam
80-3	m	3	r	-	j	i	-	-	-	-	i	-	2245:1, 3656:1, 82:1	(wasps) sting / ladle / seep [sweep]
904-3	m	3	r	-	ɥ	j	j	ɥ	i	-	j	-	441:1, 3802:1, 4261:1	bark / be numb / skin / tear up, rip
108-2	m	2	r	-	-	-	w	-	-	-	-	-	289:1, 3996:1	astringent; like unripe / spit (noun or verb?)
632-2	m	2	r	-	-	i	-	-	-	-	-	-	4102:1, 4676:1	stinking; smelly / to smell
758-2	m	2	r	-	i	i	ɥ	i	-	-	-	-	4112:1, 4548:1	stir-fry; stir / to comb
119-1	m	1	r	-	-	j	-	-	-	ɥ	j	-	474:1	bed
143-1	m	1	r	j	-	-	ɥ	-	j	j	ɥ	-	775:1	change
321-1	m	1	r	m	-	-	-	-	-	-	-	-	2837:1	needle
373-1	m	1	r	-	j	j	-	j	-	-	j	-	3536:1	sand
397-1	m	1	r	-	-	-	-	j	-	-	-	-	3866:1	snake
413-1	m	1	r	-	i	i	-	-	-	-	i	-	4143:1	stone
425-1	m	1	r	-	-	-	-	-	-	-	j	-	4238:1	tea
454-1	m	1	r	-	-	-	j	-	-	-	-	-	4731:1	tongue
564-1	m	1	r	-	j	j	-	i	-	ɥ	j	Ø	2141:1	ice
569-1	m	1	r	-	j	j	Ø	-	-	-	-	-	2174:1	intestine; guts
663-1	m	1	r	j	ɥ	Ø	ɥ	ɥ	-	j	ɥ	-	5152:1	wind
700-1	m	1	r	Ø	-	-	-	-	-	w	-	Ø	1609:1	fling; toss
736-1	m	1	r	Ø	j	j	w	i	j	-	-	Ø	3297:1	pull up (weeds)
844-1	m	1	r	Ø	ɥ	Ø	ɥ	ɥ	j	j	ɥ	Ø	3518:1	salt / to plait
891-1	m	1	r	i	-	Ø	Ø	Ø	-	-	Ø	-	2327:1	left
934-1	m	1	r	Ø	Ø	Ø	-	Ø	Ø	ɥ	-	Ø	3184:1	pine
45-25	m	25	j	j	j	j	j	j	j	j	j	j	3251:0, 3263:0, 3723:1, 4591:1, 1390:0, 2611:0, 3397:0, 4929:0, 2754:0, 4952:0, 3745:0, 1360:0, 1874:0, 2755:1, 2805:1, 2911:0, 3701:0, 667:1, 3095:1, 4525:1, 711:1, 3183:0, 303:1, 1652:1, 4284:1	at night; in the evening / boat; ship / brothers / carry (shoulder) / earth quake / eat / forest / grind (flour) / medicine / musk / name / old lady / person / pine / press (with palm of finger) / press, push down / return / sharp / sheep (general) / sickle / silver / tender young (plant) / to burn / to itch/tickle / twist (a tower) / vegetable oil / village
16-15	m	15	j	-	-	-	-	-	-	-	-	-	1173:1, 1671:1, 2316:1, 3678:1, 4315:1, 4976:1, 490:1, 4196:1, 1206:1, 1484:1, 1629:1, 119:1, 207:1, 501:1, 2990:1	Chinese chestnut / a half / bee / belly / dead / die / direction; orientation / fart / fly / four / leech / paint / seven / suck / the upper part; up reaches; above / wait
30-7	m	7	j	j	-	-	-	-	j	-	j	-	267:1, 1969:1, 3835:1, 3075:1, 1154:1, 5247:1, 4205:0	arrow / daughter / heart / peppery / smoke / sun / younger sister
254-4	m	4	j	j	-	-	-	-	j	j	j	j	2096:1, 4987:1, 4206:1, 2143:1	hot / ice / sun / want; need
33-3	m	3	j	-	-	-	-	j	-	-	-	-	668:1, 4336:1, 5236:1	brothers / thief / younger brother / younger sister
406-3	m	3	j	j	j	j	-	i	j	-	j	j	4023:1, 5009:1, 4646:1	star / to poke; insert / watery/thin (porridge)
69-2	m	2	j	j	-	-	j	-	j	-	j	-	1575:1, 2859:1	firewood / new
651-2	m	2	j	-	-	-	w	-	-	-	-	-	4879:1, 4433:1	tie (a cow) to / unseam (clothing)
774-2	m	2	j	-	-	-	v	Ø	-	-	-	j	4613:1, 523:1	bind; tie up / to owe (money)
875-2	m	2	j	j	Ø	-	-	-	Ø	-	-	j	831:1, 1166:1	classifier [back of firewood] / day
154-1	m	1	j	i	-	j	-	-	-	-	j	-	839:1	classifier [birds]
233-1	m	1	j	-	-	i	-	-	-	-	j	-	1958:1	head
340-1	m	1	j	-	i	i	-	-	-	-	-	-	3031:1	path; road
348-1	m	1	j	-	j	j	-	-	-	-	-	-	3084:1	persimmon
602-1	m	1	j	Ø	-	i	-	-	-	-	-	-	3330:1	pus
676-1	m	1	j	j	j	j	ɥ	j	j	Ø	ɥ	Ø	161:1	[castrate (chicken)]
711-1	m	1	j	Ø	-	-	v	-	-	w	-	Ø	2207:1	kettle; pot
787-1	m	1	j	j	ɥ	Ø	Ø	-	j	-	j	-	5181:1	woman
831-1	m	1	j	-	j	i	Ø	j	-	Ø	Ø	-	2643:1	moon
896-1	m	1	j	Ø	w	-	v	-	Ø	Ø	-	Ø	2731:1	muntjac; barking deer
36-5	m	5	-	-	-	j	-	-	-	-	j	-	916:1, 2395:1, 2816:1, 422:1, 4891:1	be hungry / classifier [sheet of paper] / light / narrow / use or lean on (a walking stick)
43-3	m	3	-	-	i	j	-	i	-	-	-	-	2540:1, 2720:1, 5192:1	maggot / muddy; turbid / worm
44-3	m	3	-	-	-	-	-	-	-	-	j	-	2565:1, 3052:1, 5037:1	many / pea; bean / wear (a hat)
182-3	m	3	-	-	ɥ	ɥ	-	ɥ	-	-	ɥ	-	1326:1, 4489:1, 1498:1	early / female genitals / low; short / to block (the wind)
224-3	m	3	-	j	-	-	j	-	j	-	j	j	1829:1, 2827:1, 4366:1	gold / near / thousand
82-2	m	2	-	j	-	-	-	-	-	-	-	-	2291:1, 4866:1	lay (eggs) / uncle (mother's brother)
156-2	m	2	-	-	-	-	-	-	-	-	-	w	863:1, 2976:1	classifier [grain] / paddy rice
207-2	m	2	-	j	j	j	j	-	i	-	-	j	1706:1, 3746:1	friend / sickle
286-2	m	2	-	-	-	-	-	-	-	-	-	j	2484:1, 65:1	(soul); spirit / louse
404-2	m	2	-	-	j	j	j	-	-	-	j	-	3953:1, 2578:1	mare / sound
430-2	m	2	-	-	i	j	-	j	-	-	-	-	4304:1, 2355:1	leopard; panther / the 12 animals representing the 12 years
125-1	m	1	-	-	-	-	m	-	-	-	-	-	556:1	bitter
135-1	m	1	-	-	-	-	-	-	w	-	-	-	656:1	bridge
150-1	m	1	-	-	i	-	-	i	-	-	-	-	820:1	chopsticks
185-1	m	1	-	-	-	-	j	-	-	-	-	-	1337:1	earrings
210-1	m	1	-	-	w	j	-	i	-	-	j	-	1731:1	frost
243-1	m	1	-	-	-	-	-	-	-	j	-	-	2040:1	hillside; mountain slope
276-1	m	1	-	j	j	j	j	i	j	-	j	j	2406:1	listen
315-1	m	1	-	j	-	-	-	-	j	j	-	j	2791:1	nail; tack
327-1	m	1	-	j	-	j	-	-	j	-	-	j	2889:1	nine
426-1	m	1	-	j	-	-	j	-	j	-	-	-	4293:1	tendon; sinew
445-1	m	1	-	j	j	-	-	j	j	-	-	j	4500:1	to borrow (money) / to borrow (tools)
482-1	m	1	-	-	-	j	-	-	-	-	-	-	5048:1	weave; knit
493-1	m	1	-	j	-	-	-	-	-	-	j	-	5214:1	yesterday
503-1	m	1	-	j	i	j	-	j	-	-	-	Ø	9:1	(fruit) be ripe
550-1	m	1	-	-	Ø	j	j	-	i	-	-	-	1682:1	fragrant (smell)
552-1	m	1	-	j	-	-	Ø	-	i	-	-	-	1693:1	fraud
596-1	m	1	-	-	Ø	-	-	ɥ	j	j	-	-	3106:1	pheasant
600-1	m	1	-	-	-	w	-	-	-	Ø	-	-	3285:1	pull (a quilt over oneself)
620-1	m	1	-	j	j	-	-	Ø	j	j	-	j	3712:1	shave (the head)
645-1	m	1	-	-	j	j	-	-	-	-	-	Ø	4742:1	trace; track
656-1	m	1	-	-	-	-	-	-	-	-	i	Ø	5027:1	wear (a bracelet)
714-1	m	1	-	w	-	-	Ø	Ø	-	-	-	-	2303:1	leaf
740-1	m	1	-	-	j	-	-	Ø	-	Ø	-	-	3319:1	pull; tug
797-1	m	1	-	Ø	-	-	j	-	Ø	j	-	Ø	886:1	classifier [length unit]
168-3	i	3	χ	x	x	χ	χ	x	x	x	x	x	1143:0, 1742:0, 132:0	Han Chinese / black / dark / fully recover (from an illness)
627-1	i	1	χ	x	x	χ	h	x	x	Ø	x	x	3964:0	soup
560-2	i	2	ʔ	-	ʔ	ʔ	w	w	ʔ	ŋ	w	w	1980:0, 184:0	[loach] / heat up (cold rice)
578-1	i	1	ʔ	w	ʔ	Ø	w	w	ʔ	m	w	w	2517:0	lukewarm
159-2	i	2	ʈ	ʈʂ	s	t	ts	ʈ	ts	ts	t	ts	916:0, 4891:0	classifier [sheet of paper] / use or lean on (a walking stick)
363-2	i	2	ʈ	ʈʂ	tɕ	tʲ	ts	ʈ	ts	ts	tʲ	ts	3340:0, 1315:0	ear; spike / put on (the shoes)
319-1	i	1	ʈ	ʈʂ	t	t	ts	ʈʂ	ts	ts	t	ts	2816:0	narrow
379-1	i	1	ʈ	ʈʂ	tɕ	tɕ	ts	tɕ	ts	ts	ʈʂ	ts	3634:0	seed
481-1	i	1	ʈ	ʈʂʰ	tɕ	t	ʈʂ	ʈ	ts	tsʰ	tʲ	tsʰ	5048:0	weave; knit
655-1	i	1	ʈ	ʈʂ	tɕ	tʲ	ts	ʈ	ts	ts	t	Ø	5027:0	wear (a bracelet)
901-1	i	1	ʂ	ʂ	Ø	x	ɕ	Ø	Ø	s	Ø	s	4522:0	to burn
863-3	i	3	ʁ	Ø	ŋ	ʁ	ʁ	Ø	Ø	ɣ	ŋ	ŋ	5204:0, 4217:0, 3352:0	read / sweat / yellow
611-1	i	1	ʁ	w	kʰ	Ø	w	ŋ	w	v	w	w	3504:0	round
409-5	i	5	ɣ	ɣ	ɣ	ɣ	ɣ	ɣ	ɣ	ɣ	ɣ	ɣ	4068:0, 4602:0, 3351:0, 43:0, 1379:0	(rain) fall / easy / next year / read / stepmother / to leak
95-4	i	4	ɣ	k	q	q	ɣ	q	k	k	g	k	2600:0, 3667:0, 2002:0, 200:0	[wood] / hedgehog / meat / sell
184-1	i	1	ɣ	k	k	k	tɕ	k	k	k	q	k	1337:0	earrings
468-1	i	1	ɣ	tɕ	q	q	q	g	tɕ	k	q	tɕ	4866:0	uncle (mother's brother)
508-1	i	1	ɣ	ɣ	x	Ø	ɣ	x	ɣ	ɣ	ɣ	ɣ	327:0	back, behind
599-1	i	1	ɣ	k	q	q	ɣ	q	k	kʰ	Ø	k	3128:0	pick up (food with chopstick)
616-1	i	1	ɣ	k	q	q	ɣ	q	k	tsʰ	Ø	k	3601:0	scissor
755-1	i	1	ɣ	k	q	q	q	q	Ø	Ø	d	k	4081:0	stick
764-1	i	1	ɣ	k	Ø	ɣ	ɣ	q	k	k	Ø	k	4326:0	thick
808-1	i	1	ɣ	k	Ø	ɣ	q	Ø	k	k	Ø	k	1286:0	drum
827-1	i	1	ɣ	x	Ø	q	q	Ø	k	x	Ø	k	2256:0	lake / sea
860-1	i	1	ɣ	ɣ	Ø	ɣ	ɕ	Ø	ɣ	ɣ	ɣ	Ø	5143:0	willow
78-2	i	2	ɖʐ	ʈʂ	tɕ	tɕ	dz	tɕ	ts	dz	ʐ	ts	2051:0, 5192:0	hoe (large) / worm
101-1	i	1	ɖʐ	ʈʂ	ts	ts	ɖʐ	tɕ	ts	dz	ʐ	ts	53:0	(rice) seedling
149-1	i	1	ɖʐ	ʈʂ	tɕ	ɖʐ	ɖʐ	tɕ	ts	ts	ʐ	ts	820:0	chopsticks
236-1	i	1	ɖʐ	ʈʂ	dʑ	ɖʐ	dz	dʑ	ts	ts	ʐ	ts	1991:0	heavy
273-1	i	1	ɖʐ	ʈʂ	ts	dz	ɖʐ	ʐ	ts	dz	ʐ	ts	2364:0	lick, lap
289-1	i	1	ɖʐ	ʈʂ	tɕ	tɕ	dz	tɕ	ts	z	ʐ	ts	2540:0	maggot
307-1	i	1	ɖʐ	ts	tɕ	tɕ	dz	tɕ	ts	tsʰ	ʐ	ts	2720:0	muddy; turbid
429-1	i	1	ɖʐ	ʈʂ	tɕ	tɕ	dz	tɕ	ts	tsʰ	ʐ	ts	4304:0	the 12 animals representing the 12 years
462-1	i	1	ɖʐ	ʈʂ	z	tɕ	z	z	ts	ts	ʐ	ts	4787:0	turn around
465-1	i	1	ɖʐ	ʈʂ	ts	ts	ɖʐ	ʈʂ	ts	tsʰ	ʐ	ts	4814:0	pick up / ten / twelve
502-1	i	1	ɖʐ	tʰ	tɕ	tɕ	dz	tɕ	ts	tsʰ	ʐ	Ø	9:0	(fruit) be ripe
590-1	i	1	ɖʐ	tɕ	tsʰ	tɕ	dʑ	tsʰ	Ø	tɕ	-	tɕ	2827:0	near
85-6	i	6	ɕ	ɕ	ɕ	ɕ	ɕ	ɕ	ɕ	ɕ	ɕ	ɕ	2484:0, 4998:0, 1682:0, 2755:0, 171:0, 1896:0	[cow louse] / fragrant (smell) / hair / louse / musk / water
834-2	i	2	ɕ	ɕʰ	ɕ	ɕ	ɕ	Ø	ɕ	ɕ	ɕ	ts	3009:0, 2578:0	mare / pare/peel with a knife
910-1	i	1	ɕ	ɕ	Ø	Ø	Ø	Ø	ts	ɕ	ɕ	Ø	2965:0	paddy fields
948-1	i	1	ɕ	Ø	Ø	Ø	Ø	Ø	s	Ø	Ø	s	1654:0	forest
517-6	i	6	ŋ	ŋ	ŋ	ŋ	ŋ	ŋ	ŋ	ŋ	ŋ	ŋ	752:0, 1587:0, 1598:0, 4216:0, 114:0, 993:0	(xx language) / cattle / cloud / fish / five / sweat
786-3	i	3	ŋ	-	ɲ	Ø	Ø	ɲ	-	ɲ	-	ɲ	5181:0, 4987:0, 5247:0	want; need / woman / younger sister
541-2	i	2	ŋ	w	ŋ	ŋ	w	Ø	w	ŋ	w	w	1462:0, 359:0	bamboo food steamer / eye
294-1	i	1	ŋ	w	ŋ	w	w	w	w	ŋ	ŋ	w	2632:0	month
297-1	i	1	ŋ	w	ŋ	w	w	ŋ	w	ŋ	w	w	2644:0	moon
334-1	i	1	ŋ	w	ŋ	w	w	n	w	ŋ	ŋ	w	2952:0	outside
634-1	i	1	ŋ	w	ŋ	w	w	Ø	w	v	w	w	4452:0	tile
674-1	i	1	ŋ	ŋ	ŋ	ɴ	ŋ	Ø	Ø	n	ŋ	ŋ	141:0	I
823-1	i	1	ŋ	Ø	ŋ	ŋ	w	w	Ø	v	Ø	w	2195:0	jar
639-3	i	3	Ø	f	f	f	pf	f	f	f	f	f	4669:0, 3790:0, 1565:0	fire / saw / six / smoke / to saw
572-1	i	1	Ø	k	ts	dz	ʈʂ	tɕ	k	tɕ	ʐ	k	2231:0	kneel
575-1	i	1	Ø	ʂ	ɣ	tsʰ	ʈʂ	ʈʂ	tsʰ	ɕ	ʈʂʰ	tsʰ	2461:0	lose (a game)
593-1	i	1	Ø	tɕ	tɕ	dʑ	dʑ	tɕ	tɕ	t	ʑ	tɕ	2966:0	earth quake / paddy fields
804-1	i	1	Ø	x	x	χ	Ø	k	x	x	Ø	x	1074:0	correct; right
813-1	i	1	Ø	Ø	t	t	d	ʈ	Ø	t	d	t	1897:0	hair
824-1	i	1	Ø	ʈʂʰ	ts	Ø	dz	s	ts	tsʰ	Ø	ts	2218:0	key
837-1	i	1	Ø	ʈʂ	dʑ	Ø	ɖʐ	tɕ	ts	dz	Ø	ts	3161:0	pillar
907-1	i	1	Ø	pʰ	Ø	p	Ø	Ø	pʰ	pʰ	Ø	-	2143:0	ice
917-1	i	1	Ø	Ø	z	z	ʐ	ʐ	Ø	Ø	ʐ	Ø	4124:0	stomach
921-1	i	1	Ø	Ø	s	s	Ø	s	tsʰ	t	Ø	Ø	4474:0	to bet
922-1	i	1	Ø	Ø	dʑ	dz	dʑ	dʑ	Ø	Ø	ʑ	Ø	4489:0	low; short / to block (the wind)
931-1	i	1	Ø	Ø	tɕ	ts	Ø	tɕ	Ø	Ø	tɕ	Ø	2329:0	left
936-1	i	1	Ø	Ø	ŋ	ɲ	Ø	Ø	ŋ	Ø	Ø	ŋ	3734:0	shoe
939-1	i	1	Ø	tɕʰ	Ø	tɕʰ	tsʰ	Ø	Ø	Ø	tɕʰ	Ø	4646:0	to poke; insert
940-1	i	1	Ø	t	tɕʰ	Ø	Ø	tɕʰ	tɕʰ	Ø	Ø	Ø	4965:0	vomit/throw up
942-1	i	1	Ø	Ø	Ø	Ø	ɲ	Ø	k	ɲ	Ø	ɲ	5250:0	cold / younger sister
944-1	i	1	Ø	Ø	Ø	Ø	tɕ	tɕ	Ø	Ø	ʈʂ	Ø	280:0	ask; question
945-1	i	1	Ø	Ø	Ø	ɕ	-	ɕ	Ø	Ø	Ø	Ø	303:0	at night; in the evening
946-1	i	1	Ø	Ø	x	Ø	ʐ	ʐ	Ø	Ø	Ø	Ø	502:0	belly
951-1	i	1	Ø	x	qʰ	Ø	Ø	Ø	Ø	ts	Ø	Ø	2205:0	kettle; pot
113-1	i	1	z	z	z	z	z	z	s	z	z	z	400:0	barley
220-1	i	1	z	z	z	ts	z	z	s	z	z	z	1805:0	give
796-1	i	1	z	Ø	z	z	z	z	Ø	-	z	Ø	886:0	classifier [length unit]
933-1	i	1	z	Ø	Ø	Ø	z	Ø	Ø	ʐ	ʐ	Ø	3184:0	pine
92-4	i	4	x	x	x	x	h	x	x	x	x	x	3813:0, 4411:0, 1840:0, 2107:0	good / house / sky / thunder / to thunder
667-3	i	3	x	x	Ø	x	x	x	x	ɕ	x	x	1564:0, 3834:0, 304:0	at night; in the evening / fire / smoke
438-2	i	2	x	x	x	x	x	x	s	x	x	x	4377:0, 723:0	cat / thread
952-1	i	1	w	w	Ø	Ø	Ø	Ø	w	Ø	Ø	Ø	4123:0	stomach
291-1	i	1	tʲ	tɕ	t	t	t	t	tɕ	t	tɕ	tɕ	2565:0	many
477-1	i	1	tʲ	t	t	t	d	t	t	t	t	t	5037:0	wear (a hat)
51-5	i	5	tʰ	tʰ	tʰ	tʰ	tʰ	tʰ	tʰ	tʰ	tʰ	tʰ	668:0, 5236:0, 3285:0, 4501:0, 3922:0	brothers / pull (a quilt over oneself) / soil; earth / to borrow (money) / younger brother / younger sister
275-3	i	3	tʰ	ʈʂʰ	tɕʰ	tʰ	tsʰ	ʈʰ	tsʰ	tsʰ	tʰ	tsʰ	2395:0, 4102:0, 82:0	(wasps) sting / light / stinking; smelly
403-2	i	2	tʰ	ʈʂʰ	tɕʰ	tʰ	tʰ	ʈ	tsʰ	tsʰ	tʰ	tsʰ	3953:0, 1873:0	grind (flour) / sound
757-2	i	2	tʰ	ʈʂʰ	tɕʰ	tʰ	tɕ	tɕʰ	tsʰ	tsʰ	tʰ	tsʰ	4112:0, 4261:0	stir-fry; stir / tear up, rip
140-1	i	1	tʰ	ʈʂ	q	tʰ	tsʰ	ʈ	tsʰ	tsʰ	tʰ	tsʰ	763:0	chaff; bran
260-1	i	1	tʰ	tʰ	tɕʰ	tɕʰ	tɕʰ	tɕʰ	tʰ	tʰ	tɕʰ	tʰ	2184:0	iron
339-1	i	1	tʰ	tʰ	tɕ	tʰ	tʰ	ʈʰ	tʰ	tʰ	tʰ	tʰ	3031:0	path; road
347-1	i	1	tʰ	tʰ	tɕʰ	tʰ	tʰ	ʈ	tʰ	tʰ	tʰ	tʰ	3084:0	persimmon
384-1	i	1	tʰ	ʈʂʰ	tɕʰ	tʰ	tsʰ	ʈʰ	tsʰ	s	tʰ	s	3656:0	seep [sweep]
605-1	i	1	tʰ	ʈʂʰ	tɕʰ	tʰ	tʰ	ʈʰ	tsʰ	Ø	tʰ	tsʰ	3373:0	red
641-1	i	1	tʰ	ʈʂʰ	Ø	tʰ	ʈʂʰ	ʈʰ	tsʰ	tsʰ	tʰ	ʈʂ	4676:0	to smell
650-1	i	1	tʰ	tʰ	tʰ	Ø	tʰ	ʈʰ	tʰ	tsʰ	tʰ	tsʰ	4879:0	unseam (clothing)
67-3	i	3	tɕʰ	tɕʰ	tɕʰ	tɕʰ	tɕʰ	tɕʰ	tɕʰ	tɕʰ	tɕʰ	tɕʰ	1507:0, 2406:0, 227:0	air; breath / fertilizer; manure / listen
42-6	i	6	tɕ	tɕ	tɕ	tɕ	tɕ	tɕ	tɕ	tɕ	tɕ	tɕ	1829:0, 2889:0, 4293:0, 3234:0, 1413:0, 1498:0	eight / female genitals / gold / nine / plougshare / tendon; sinew
688-2	i	2	tɕ	tɕ	tɕʰ	tɕ	tɕ	tɕ	Ø	tɕ	tɕ	k	422:0, 4798:0	be hungry / turtledove
314-1	i	1	tɕ	tɕ	ts	tɕ	ts	tɕʰ	tɕ	tɕ	tɕ	tɕ	2791:0	nail; tack
444-1	i	1	tɕ	tɕ	tɕ	tɕ	ts	tɕ	tɕ	tɕ	tʰ	tɕ	4500:0	to borrow (money) / to borrow (tools)
490-1	i	1	tɕ	tɕʰ	tɕ	tɕ	tɕ	tɕ	tɕ	tɕ	tɕ	tɕ	5163:0	winnowing fan
551-1	i	1	tɕ	tɕ	tɕ	ts	Ø	ʈʂ	tɕ	tɕ	tɕ	tɕ	1693:0	fraud
87-4	i	4	tsʰ	tsʰ	tsʰ	tsʰ	tsʰ	tsʰ	tsʰ	tsʰ	tsʰ	tsʰ	2928:0, 4918:0, 4844:0, 4135:0	onion, scallion / stomach [bird crop] / twist (hemp fivers) / vegetable
833-3	i	3	tsʰ	Ø	tsʰ	tsʰ	tɕʰ	tɕʰ	-	tɕʰ	-	tɕʰ	2990:0, 4367:0, 4284:0	paint / tender young (plant) / thousand
387-2	i	2	tsʰ	tɕʰ	tsʰ	tsʰ	tɕʰ	tsʰ	tɕʰ	tɕʰ	tɕʰ	tɕʰ	3678:0, 4357:0	seven / thorn; splinter
726-2	i	2	tsʰ	tɕʰ	tsʰ	tɕ	tsʰ	ts	tɕʰ	tɕʰ	tɕʰ	tɕʰ	3075:0, 5009:0	peppery / watery/thin (porridge)
369-1	i	1	tsʰ	tsʰ	tsʰ	tsʰ	tsʰ	kʰ	tsʰ	kʰ	tsʰ	tsʰ	3525:0	salty
422-1	i	1	tsʰ	ʈʂʰ	tsʰ	tsʰ	ʈʂʰ	ʈʂʰ	tsʰ	tsʰ	ʈʂʰ	tsʰ	4227:0	swell
523-1	i	1	tsʰ	tsʰ	q	q	dʑ	q	tsʰ	k	tsʰ	Ø	874:0	classifier [handfull]
629-1	i	1	tsʰ	ʈʂʰ	tʰ	tʰ	tʰ	Ø	tsʰ	tɕʰ	tɕʰ	ts	3996:0	spit (noun or verb?)
658-1	i	1	tsʰ	tɕʰ	tsʰ	Ø	tɕʰ	tsʰ	tɕʰ	tsʰ	tɕ	tɕʰ	5059:0	weigh (food)
671-1	i	1	tsʰ	tɕʰ	tsʰ	tsʰ	tɕʰ	Ø	tɕʰ	t	tɕʰ	Ø	119:0	Chinese chestnut
696-1	i	1	tsʰ	tsʰ	Ø	tɕʰ	tsʰ	Ø	tsʰ	tsʰ	tsʰ	tsʰ	1119:0	cut up (vegetable)
761-1	i	1	tsʰ	Ø	tsʰ	tsʰ	ʈʂʰ	tɕʰ	Ø	tsʰ	ʈʂʰ	tʰ	4176:0	stretch out (the arm)
803-1	i	1	tsʰ	Ø	tsʰ	tsʰ	tsʰ	ts	Ø	tsʰ	tsʰ	Ø	1066:0	corpse
22-6	i	6	ts	ʈʂ	ts	ts	ʈʂ	ʈʂ	ts	ts	ʈʂ	ts	1862:0, 2837:0, 2998:0, 3172:0, 3362:0, 4834:0	grease, fat / needle / paper / pillow / real / twist (a tower)
29-5	i	5	ts	ts	ts	ts	ts	ts	ts	ts	ts	ts	236:0, 3225:0, 3942:0, 1046:0, 4988:0	alcoholic beverage / bird / cooking stove; kitchen range / plough; till / son / want; need
47-3	i	3	ts	tɕ	ts	ts	tɕ	ts	tɕ	tɕ	tɕ	tɕ	267:0, 2316:0, 4196:0	arrow / leech / suck
49-2	i	2	ts	ʈʂ	tɕ	tɕ	ts	tɕ	ts	ts	ʈʂ	ts	348:0, 1035:0	bamboo / cook; boil
181-1	i	1	ts	ts	tɕ	tɕ	tɕ	ts	ts	ts	tɕ	ts	1326:0	early
200-1	i	1	ts	t	ts	ts	ʈʂ	ʈʂ	ts	ts	ʈʂ	ts	1544:0	finger
247-1	i	1	ts	ts	ts	d	ts	ts	ts	ts	tʲʰ	ts	2064:0	hoof / man
644-1	i	1	ts	ts	tɕ	tɕ	ts	ts	ts	ts	ts	Ø	4742:0	trace; track
745-1	i	1	ts	Ø	ts	t	q	k	ts	tsʰ	ts	Ø	3576:0	scar
750-1	i	1	ts	tɕ	Ø	ts	ts	Ø	ts	tɕ	ts	ts	4012:0	squeeze (for milk)
65-4	i	4	t	t	t	t	t	t	t	ts	t	t	1473:0, 4940:0, 3477:0, 4488:0	far / root / to block (the wind) / vertical, be standing
195-2	i	2	t	t	q	ts	t	q	t	t	t	t	1518:0, 4473:0	fight / to bet
218-2	i	2	t	tʲ	t	t	t	t	t	t	t	t	1773:0, 412:0	be blind / get; acquire
416-1	i	1	t	t	t	t	t	t	t	ts	t	m	4154:0	straight
90-4	i	4	sʰ	sʰ	s	s	s	s	s	s	s	s	3493:0, 4400:0, 216:0, 979:0	a year old / blood / cloth / rope / three
226-3	i	3	sʰ	sʰ	s	ɕ	s	s	s	s	s	s	1851:0, 1762:0, 3975:0	garlic / grandson / sour
60-2	i	2	sʰ	ʂʰ	ɕ	ɕ	s	ɕ	s	s	ɕ	s	1107:0, 3536:0	cut (meat) / sand
170-1	i	1	sʰ	ʂʰ	s	s	ʂ	x	s	s	ʂ	s	1184:0	deep
199-1	i	1	sʰ	ʂ	ɕ	ɕ	ʂ	ɕ	s	s	ɕ	s	1543:0	finger
230-1	i	1	sʰ	ʂʰ	ɕ	ɕ	ʂ	ɕ	s	s	ɕ	s	1914:0	hand
265-1	i	1	sʰ	ɕʰ	s	s	s	s	s	s	s	s	2280:0	laugh
326-1	i	1	sʰ	ɕʰ	s	s	ɕ	s	ɕ	ɕ	ɕ	ɕ	2859:0	new
563-1	i	1	sʰ	ʂ	ɕ	ɕ	s	ɕ	s	ɕ	ɕ	Ø	2141:0	ice
588-1	i	1	sʰ	ʂ	ɕ	t	ʈʂ	Ø	s	s	ɕ	s	2771:0	nail
624-1	i	1	sʰ	sʰ	s	Ø	s	s	s	ɕ	s	s	3885:0	snow
64-7	i	7	s	s	s	s	s	s	s	s	s	s	1401:0, 1816:0, 2871:0, 2010:0, 2977:0, 3561:0, 1519:0	egg / fight / glutinous rice / hemp / next year / paddy rice / say
59-3	i	3	s	ʂ	ɕ	ɕ	s	ɕ	s	s	ʂ	s	1015:0, 2698:0, 4548:0	comb / mouse / to comb
61-3	i	3	s	ɕ	s	s	ɕ	ɕ	ɕ	ɕ	ɕ	ɕ	1173:0, 1671:0, 2753:0	dead / die / four / musk
192-3	i	3	s	s	s	s	ʂ	ʂ	s	s	ʂ	s	1451:0, 1609:0, 5019:0	excrement / fling; toss / wave; wield
76-2	i	2	s	ɕ	s	s	ɕ	s	ɕ	ɕ	ɕ	ɕ	1969:0, 3835:0	heart / smoke
214-2	i	2	s	s	s	ɕ	ɕ	s	s	s	s	s	1751:0, 2622:0	garden (plot) / monkey
97-1	i	1	s	s	ts	ts	s	ts	s	s	s	s	21:0	(head) ache
107-1	i	1	s	ʂ	tsʰ	s	ts	ʂ	s	s	ʂ	s	289:0	astringent; like unripe
203-1	i	1	s	ɕ	s	s	χ	s	ɕ	ɕ	ɕ	ɕ	1575:0	firewood
209-1	i	1	s	ʂ	ɕ	ɕ	s	ɕ	s	s	ɕ	s	1731:0	frost
267-1	i	1	s	ɕ	s	s	s	s	s	s	s	s	2291:0	lay (eggs)
280-1	i	1	s	s	s	s	s	s	ts	tsʰ	s	s	2439:0	lock (the door)
302-1	i	1	s	ʂ	s	ɕ	s	ʂ	s	s	ɕ	s	2685:0	mountain
309-1	i	1	s	tɕʰ	s	ɕ	ʂ	ʂ	s	s	ʂ	s	2740:0	mushroom
375-1	i	1	s	s	s	s	s	s	s	s	s	tɕ	3590:0	scatter (seeds)
382-1	i	1	s	s	ɕ	ɕ	ɕ	ɕ	s	s	ʂ	s	3645:0	seed of Chinese prickly ash
405-1	i	1	s	ɕ	ɕ	ɕ	s	ɕ	ɕ	ɕ	ɕ	ɕ	4023:0	star
728-1	i	1	s	Ø	s	ɕ	ʂ	ʂ	Ø	ɕ	ʂ	s	3205:0	piss; pee
14-10	i	10	qʰ	kʰ	qʰ	qʰ	qʰ	qʰ	kʰ	kʰ	qʰ	kʰ	463:0, 863:0, 1230:0, 1885:0, 2941:0, 3308:0, 1086:0, 5122:0, 192:0, 423:0	[pull up weeds] / be hungry / be thirsty / classifier [grain] / cry (verb or noun?, should be made clear later on) / dog / guest / open / pull/lead (a cow) along / wide
124-1	i	1	qʰ	kʰ	qʰ	qʰ	qʰ	qʰ	qʰ	kʰ	qʰ	kʰ	556:0	bitter
269-1	i	1	qʰ	k	qʰ	qʰ	qʰ	k	k	kʰ	qʰ	k	2342:0	leg
351-1	i	1	qʰ	kʰ	tɕʰ	kʰ	qʰ	ʈʰ	kʰ	kʰ	kʰ	tsʰ	3139:0	pick up (food with chopstick) [fasten the belt]
448-1	i	1	qʰ	kʰ	k	qʰ	qʰ	k	kʰ	kʰ	qʰ	kʰ	4557:0	to cough
538-1	i	1	qʰ	kʰ	qʰ	qʰ	qʰ	qʰ	kʰ	k	qʰ	Ø	1423:0	empty
713-1	i	1	qʰ	k	dʑ	qʰ	Ø	Ø	kʰ	kʰ	qʰ	k	2303:0	leaf
847-1	i	1	qʰ	Ø	qʰ	qʰ	qʰ	qʰ	Ø	kʰ	Ø	w	3825:0	slanting; learning
8-16	i	16	q	k	q	q	q	q	k	k	q	k	452:0, 786:0, 896:0, 1294:0, 2074:0, 2428:0, 2772:0, 3274:0, 3454:0, 3612:0, 4720:0, 3566:0, 338:0, 1056:0, 3421:0, 2976:0	bad (things) / be on the other side of (a river) / chicken / classifier [room] / copper, bronze / dry / fill (a bowl with rice) / high / horn / liver / nail / paddy rice / price / rice straw / river / scale / scoop up (water); ladle out / teach / today / wheat straw
130-1	i	1	q	k	q	q	q	q	k	k	k	k	621:0	bone
388-1	i	1	q	k	q	q	q	q	k	k	q	tsʰ	3689:0	shadow
637-1	i	1	q	k	q	q	Ø	q	k	kʰ	q	k	4581:0	to hook
128-5	i	5	pʰ	pʰ	pʰ	pʰ	p	pʰ	pʰ	pʰ	pʰ	pʰ	599:0, 4260:0, 2531:0, 3824:0, 885:0	blow (the trumpet) / classifier [length unit] / cliffy; precipitous / lung / slanting; learning / tear up, rip
400-5	i	5	pʰ	pʰ	pʰ	pʰ	pʰ	pʰ	pʰ	pʰ	pʰ	pʰ	3907:0, 64:0, 809:0, 1130:0, 579:0	(soul); spirit / bladder / chop (firewood) / cut/rip open / soft
545-1	i	1	pʰ	f	f	f	pfʰ	f	f	pʰ	f	Ø	1484:0	fart
690-1	i	1	pʰ	f	Ø	f	pf	Ø	f	pʰ	f	f	490:0	bee
867-1	i	1	pʰ	Ø	pʰ	pʰ	pʰ	Ø	Ø	p	Ø	p	152:0	[Distillers grains]
25-10	i	10	p	p	p	p	p	p	p	p	p	p	316:0, 1936:0, 2130:0, 3214:0, 3867:0, 4045:0, 278:0, 1412:0, 172:0, 248:0	[cow louse] / ant / ask; question / axe / eight / have eaten one's fill / hundred / patch (clothing) / plank; board / snake / step
548-5	i	5	p	f	f	f	pf	f	f	p	f	f	1629:0, 501:0, 1218:0, 4752:0, 3997:0	belly / divide; share (things) / fly / spit (noun or verb?) / transplant (rice seedling); insert
662-3	i	3	p	p	tɕ	p	tɕ	tɕ	p	p	tɕ	p	5152:0, 4085:0, 3518:0	salt / stick / to plait / wind
870-2	i	2	p	p	Ø	p	Ø	Ø	p	pʰ	p	p	300:0, 1497:0	at night; in the evening / female genitals
142-1	i	1	p	p	p	p	tɕ	p	p	p	tɕ	p	775:0	change
535-1	i	1	p	f	pʰ	f	pʰ	f	f	Ø	f	p	1206:0	direction; orientation
680-1	i	1	p	Ø	f	p	pf	f	Ø	p	f	p	207:0	a half
890-1	i	1	p	p	pʰ	Ø	Ø	Ø	p	p	Ø	p	2327:0	left
253-9	i	9	n	-	ɲ	ɲ	ɲ	ɲ	-	ɲ	-	ɲ	2096:0, 3096:0, 3769:0, 1155:0, 4206:0, 3095:0, 4283:0, 1154:0, 611:0	boat; ship / daughter / hot / person / silver / sun / tender young (plant)
32-6	i	6	n	n	n	n	n	n	n	n	n	n	632:0, 3921:0, 5225:0, 4625:0, 4815:0, 722:0	brains / cat / mud / soil; earth / to pen in (sheep) / twelve / you
501-4	i	4	n	-	ɲ	ɲ	-	n	-	-	-	-	3723:0, 4591:0, 667:0, 3746:0	brothers / sheep (general) / sickle / to itch/tickle
881-2	i	2	n	Ø	ɲ	ɲ	ɲ	ɲ	Ø	n	ɲ	ɲ	1166:0, 2806:0	day / name
601-1	i	1	n	Ø	n	ɲ	n	n	n	n	n	n	3330:0	pus
693-1	i	1	n	Ø	n	n	n	n	Ø	n	n	ɲ	907:0	classifier [sack of rice]
799-1	i	1	n	Ø	n	n	ɲ	n	Ø	n	Ø	ɲ	940:0	classifier [weight unit]
923-1	i	1	n	Ø	Ø	Ø	Ø	-	-	Ø	-	ɲ	4525:0	to burn
5-35	i	35	m	m	m	m	m	m	m	m	m	m	32:0, 689:0, 700:0, 1241:0, 1263:0, 2085:0, 2269:0, 2674:0, 3409:0, 4185:0, 5071:0, 5100:0, 971:0, 2664:0, 1433:0, 2576:0, 4412:0, 65:0, 2474:0, 3384:0, 4537:0, 5082:0, 1:0, 1898:0, 2577:0, 3420:0, 3478:0, 4347:0, 5164:0, 2805:0, 3194:0, 4069:0, 1445:0, 369:0, 3296:0	(birds)cry/chirp / (people) crawl / (soul); spirit / bamboo piece / buy / cane, vine / close (the mouth) / close (the mouth) lightly / door / dream / escape; run away / exchange / hair / horse / late / loud / mare / mosquito / mother / name / pine torches / pull up (weeds) / resin, colophony / rice / rice straw / root / stepmother / stroke; touch / think / thunder / to change / to thunder / wheat / wheat straw / whet (a knife) / winnowing fan
675-2	i	2	m	m	ɲ	m	ɲ	ɲ	m	Ø	-	m	161:0, 2643:0	[castrate (chicken)] / moon
62-4	i	4	l	l	l	l	l	l	l	l	l	l	1252:0, 3757:0, 2379:0, 724:0	cat / dragon / lift (the lid) / sieve; sifter / tiger
521-2	i	2	kʰ	kʰ	kʰ	kʰ	kʰ	kʰ	kʰ	kʰ	kʰ	kʰ	853:0, 3043:0	classifier [clothes] / pave; lay
396-1	i	1	kʰ	kʰ	ʃʰ	tsʰ	ʈʂʰ	tɕʰ	kʰ	k	ʈʂʰ	kʰ	3866:0	snake
513-1	i	1	kʰ	kʰ	tsʰ	Ø	ʈʂʰ	tɕʰ	kʰ	tɕʰ	ʈʂʰ	kʰ	545:0	bird's nest
530-1	i	1	kʰ	Ø	kʰ	kʰ	kʰ	k	kʰ	kʰ	kʰ	kʰ	1097:0	curved; crooked; bent
925-1	i	1	kʰ	Ø	Ø	Ø	qʰ	Ø	Ø	kʰ	kʰ	kʰ	4967:0	vomit/throw up
17-11	i	11	k	k	k	k	k	k	k	k	k	k	1640:0, 1794:0, 2417:0, 2900:0, 3779:0, 4854:0, 742:0, 3235:0, 4909:0, 1305:0, 4799:0	catch; capture / eagle fern / foot / ginger / live; reside / old / plougshare / sit / turtledove / two / vat; jar
162-2	i	2	k	k	k	k	g	k	k	k	k	k	1001:0, 1653:0	cold / forest
557-2	i	2	k	k	ts	ts	ʈʂ	ʈʂ	k	tɕ	ʈʂ	k	1784:0, 3932:0	ghost, spirit / soldier
927-3	i	3	h	Ø	Ø	Ø	h	Ø	Ø	Ø	h	h	133:0, 1075:0, 2108:0	Han Chinese / correct; right / house
670-1	i	1	h	Ø	x	χ	x	x	Ø	x	h	x	104:0	(water) be boiling
24-6	i	6	g	k	k	k	g	k	k	k	g	k	93:0, 656:0, 678:0, 2495:0, 3433:0, 3443:0	(water flow) / bridge / buckwheat / love; like / rich / ride
781-1	i	1	g	Ø	g	g	g	g	Ø	k	g	k	4900:0	used, old
840-1	i	1	g	k	Ø	g	Ø	Ø	k	k	g	kʰ	3469:0	roast in fire
595-2	i	2	dʑ	tɕ	dʑ	dʑ	dʑ	tɕ	tɕ	t	ʑ	k	3106:0, 4166:0	pheasant / straw or palm-bark rain cape
206-1	i	1	dʑ	tɕ	dz	dz	dʑ	tɕ	tɕ	tɕʰ	ʐ	tɕ	1706:0	friend
492-1	i	1	dʑ	tɕ	ts	ts	dʑ	ts	tɕ	tɕ	ʑ	tɕ	5214:0	yesterday
558-1	i	1	dʑ	ts	dʑ	dʑ	dz	dʑ	ts	dz	Ø	ts	1925:0	have (you)
619-1	i	1	dʑ	tɕ	ɕ	dz	dz	Ø	tɕ	tɕ	ʐ	tɕ	3712:0	shave (the head)
739-1	i	1	dʑ	tɕ	tɕʰ	dʑ	dʑ	Ø	tɕ	Ø	ʑ	tɕ	3319:0	pull; tug
851-2	i	2	dz	ts	tɕ	ts	dz	tɕ	Ø	ɣ	z	ts	3896:0, 249:0	ant / soak; steep
146-1	i	1	dz	ts	ts	ts	dz	ts	ts	tsʰ	z	ts	798:0	chisel
239-1	i	1	dz	ts	ts	ts	dz	ts	ts	ts	z	ts	2018:0	hide
57-5	i	5	d	ʈʂ	dʑ	d	ɖʐ	ɖ	ts	dz	d	ts	929:0, 4763:0, 378:0, 1651:0, 3162:0	bark / classifier [tree] / forest / pillar / tree
153-2	i	2	d	t	tɕ	d	d	ʈ	t	t	d	t	839:0, 3986:0	classifier [birds] / speech; words; language
342-2	i	2	d	t	d	d	d	d	t	t	d	t	3052:0, 1361:0	earth quake / pea; bean
354-2	i	2	d	t	t	t	d	t	t	tʰ	d	t	3150:0, 4056:0	pig / step on; tread
407-2	i	2	d	ʈʂ	tɕ	d	dz	ʈ	ts	ts	d	ts	4034:0, 1841:0	good / steam
916-2	i	2	d	-	tɕ	d	Ø	tɕ	Ø	Ø	d	Ø	3802:0, 1652:0	bark / forest / skin
118-1	i	1	d	kʰ	tɕʰ	t	dz	tɕʰ	ts	tɕʰ	d	ts	474:0	bed
122-1	i	1	d	t	d	d	d	d	t	d	d	t	512:0	big
188-1	i	1	d	tɕ	tɕ	dʑ	dʑ	dʑ	tɕ	t	ʑ	tɕ	1348:0	earth
232-1	i	1	d	t	tɕ	t	d	ʈ	t	t	d	t	1958:0	head
263-1	i	1	d	ʈʂ	tɕ	t	ts	ʈ	ts	tsʰ	t	ts	2245:0	ladle
283-1	i	1	d	ʈʂ	tɕ	tʲ	dʑ	ʈ	ts	ts	d	ts	2450:0	long
323-1	i	1	d	tɕ	tɕ	tɕ	dʑ	tɕ	tɕ	tʰ	ʑ	tɕ	2848:0	nephew
345-1	i	1	d	t	t	t	d	t	t	t	d	t	3064:0	peach
412-1	i	1	d	ʈʂ	tɕ	t	dz	ʈ	ts	tsʰ	d	ts	4143:0	stone
424-1	i	1	d	ʈʂ	tɕ	tʲ	dz	ʈ	ts	ts	d	ts	4238:0	tea
433-1	i	1	d	t	t	d	d	ɖ	t	d	d	t	4315:0	the upper part; up reaches; above
435-1	i	1	d	ts	t	ts	d	d	ts	d	d	ts	4336:0	thief
453-1	i	1	d	ʈʂ	t	tʲ	d	ʈ	ts	tsʰ	d	ts	4731:0	tongue
458-1	i	1	d	t	t	t	t	k	t	t	d	s	4774:0	trip-hammer for hulling rice
473-1	i	1	d	tʲ	t	t	t	t	t	t	t	t	4976:0	wait
568-1	i	1	d	ʈʂ	dz	t	Ø	ʈ	ts	ts	d	ts	2174:0	intestine; guts
924-1	i	1	d	Ø	t	d	Ø	t	Ø	Ø	Ø	t	4571:0	to drop
71-8	i	8	b	p	p	b	b	p	p	p	b	p	1618:0, 3855:0, 2163:0, 4462:0, 441:0, 2506:0, 4475:0, 4491:0	be numb / float / interest / low; short / smooth / to be ill / to bet / to block (the wind)
93-6	i	6	b	p	p	p	b	p	p	p	b	p	379:0, 3010:0, 4657:0, 247:0, 645:0, 2062:0	ant / bark / breasts / hoof / pare/peel with a knife / skin / to rake (the fields)
488-3	i	3	b	p	p	p	b	p	p	pʰ	b	p	5111:0, 2375:0, 4647:0	lift (the lid) / to poke; insert / white
257-2	i	2	b	p	p	b	b	b	p	b	b	p	2118:0, 4165:0	hug / straw or palm-bark rain cape
773-2	i	2	b	v	v	v	b	v	Ø	p	v	ɕ	4613:0, 712:0	carry (shoulder) / to owe (money)
793-2	i	2	b	f	Ø	f	b	Ø	f	pʰ	v	p	523:0, 4433:0	bind; tie up / tie (a cow) to
819-2	i	2	b	p	b	Ø	b	b	Ø	p	b	p	1947:0, 3624:0	he / lake / sea
895-2	i	2	b	-	-	v	b	w	Ø	p	v	-	2731:0, 711:0	carry (shoulder) / muntjac; barking deer
242-1	i	1	b	b	b	b	b	b	p	p	b	b	2040:0	hillside; mountain slope
710-1	i	1	b	Ø	w	f	b	w	v	k	v	Ø	2207:0	kettle; pot
717-1	i	1	b	p	Ø	p	p	p	p	p	Ø	p	2355:0	leopard; panther
735-1	i	1	b	Ø	tɕ	p	dʑ	tɕ	p	tsʰ	ʐ	Ø	3297:0	pull up (weeds)
801-1	i	1	b	p	Ø	p	b	Ø	p	Ø	b	pʰ	1026:0	compensate
874-1	i	1	b	-	Ø	j	j	Ø	Ø	b	v	Ø	831:0	classifier [back of firewood]
920-1	i	1	-	tɕʰ	Ø	Ø	tɕʰ	Ø	tɕʰ	Ø	tɕʰ	Ø	4366:0	thousand
19-16	c	16	ŋ	-	-	-	ŋ	-	-	ŋ	ŋ	-	916:3, 1294:2, 2428:2, 4315:3, 4400:2, 1423:2, 4909:2, 1066:2, 3043:2, 5204:2, 1653:2, 2755:3, 3986:2, 667:3, 4217:2, 133:2	Han Chinese / brothers / classifier [sheet of paper] / corpse / dry / empty / forest / high / liver / musk / pave; lay / speech; words; language / sweat / teach / the upper part; up reaches; above / three / vat; jar / yellow
26-10	c	10	ŋ	ŋ	-	-	ŋ	-	-	ŋ	ŋ	-	763:3, 1851:3, 2018:2, 3634:3, 853:2, 1682:3, 1762:3, 3975:3, 4591:3, 4987:3	chaff; bran / classifier [clothes] / fragrant (smell) / garlic / grandson / hide / seed / sour / to itch/tickle / want; need
20-6	c	6	ŋ	-	-	-	-	-	n	n	-	-	1184:3, 2740:3, 2837:3, 3362:3, 4227:3, 5019:3	deep / mushroom / needle / real / swell / wave; wield
177-5	c	5	ŋ	-	-	-	-	-	-	ŋ	ŋ	-	1252:2, 4742:3, 907:2, 2355:3, 940:2	classifier [sack of rice] / classifier [weight unit] / dragon / leopard; panther / trace; track
41-3	c	3	ŋ	-	-	-	-	-	-	-	-	-	1816:2, 2720:3, 5192:3	glutinous rice / muddy; turbid / worm
50-3	c	3	ŋ	-	-	-	ŋ	-	-	-	ŋ	-	474:3, 1991:2, 1286:2	bed / drum / heavy
74-3	c	3	ŋ	ŋ	-	-	ŋ	ŋ	-	ŋ	ŋ	-	1794:2, 4854:2, 4625:2	ginger / to pen in (sheep) / two
63-2	c	2	ŋ	ŋ	-	-	n	-	-	ŋ	ŋ	-	1337:3, 1751:3	earrings / garden (plot)
77-2	c	2	ŋ	-	-	-	-	-	-	-	ŋ	-	2040:3, 2051:2	hillside; mountain slope / hoe (large)
353-2	c	2	ŋ	ŋ	-	-	-	-	-	-	-	-	3139:2, 3469:2	pick up (food with chopstick) [fasten the belt] / roast in fire
698-2	c	2	ŋ	-	Ø	-	ŋ	Ø	-	n	ŋ	-	1119:3, 3184:3	cut up (vegetable) / pine
747-2	c	2	ŋ	Ø	ŋ	-	-	ŋ	-	ŋ	ŋ	v	3576:2, 5250:2	cold / scar / younger sister
99-1	c	1	ŋ	ŋ	-	-	ŋ	-	ŋ	ŋ	ŋ	-	21:2	(head) ache
105-1	c	1	ŋ	-	-	-	ŋ	ŋ	-	ŋ	ŋ	-	236:2	alcoholic beverage
174-1	c	1	ŋ	ŋ	-	-	ŋ	-	g	ŋ	ŋ	-	1230:3	dog
197-1	c	1	ŋ	-	-	-	ŋ	-	n	-	-	-	1518:2	fight
212-1	c	1	ŋ	-	ŋ	-	ŋ	-	-	ŋ	ŋ	-	1731:3	frost
285-1	c	1	ŋ	-	-	-	-	-	-	ŋ	-	-	2450:3	long
317-1	c	1	ŋ	-	-	-	n	-	n	-	ŋ	-	2791:3	nail; tack
331-1	c	1	ŋ	-	ŋ	-	-	-	-	ŋ	-	-	2928:2	onion, scallion
367-1	c	1	ŋ	-	-	-	ŋ	-	ŋ	ŋ	ŋ	-	3454:2	river
371-1	c	1	ŋ	ŋ	-	ŋ	ŋ	-	-	-	ŋ	-	3525:2	salty
395-1	c	1	ŋ	-	-	-	-	-	n	-	ŋ	-	3855:2	smooth
566-1	c	1	ŋ	-	ŋ	-	ŋ	-	-	-	ŋ	Ø	2141:3	ice
571-1	c	1	ŋ	ŋ	-	-	Ø	-	-	ŋ	-	-	2174:3	intestine; guts
586-1	c	1	ŋ	-	-	-	n	-	-	Ø	ŋ	-	2622:3	monkey
604-1	c	1	ŋ	Ø	-	-	-	-	-	-	n	-	3330:3	pus
692-1	c	1	ŋ	-	Ø	-	ŋ	Ø	-	n	-	-	490:3	bee
702-1	c	1	ŋ	Ø	-	-	-	-	n	-	-	Ø	1609:3	fling; toss
880-1	c	1	Ø	Ø	-	-	-	-	Ø	-	Ø	v	1155:3	daughter
9-19	c	19	n	n	-	-	n	-	n	n	n	-	267:3, 1575:3, 1829:3, 1969:3, 2291:3, 2859:3, 3813:2, 4411:2, 4787:3, 2517:3, 2827:3, 2195:3, 3518:3, 3745:2, 3095:3, 4366:3, 3624:2, 4205:2, 4261:3	arrow / boat; ship / firewood / gold / heart / jar / lake / lay (eggs) / lukewarm / near / new / person / salt / sea / sickle / silver / sky / sun / tear up, rip / thousand / thunder / to plait / to thunder / turn around
28-13	c	13	n	-	-	-	n	-	n	-	ŋ	-	2395:3, 3214:2, 3953:3, 4023:3, 4462:2, 5009:3, 64:2, 3712:3, 3964:2, 65:3, 1056:2, 1315:3, 1841:3	(soul); spirit / copper, bronze / ear; spike / good / light / plank; board / shave (the head) / sound / soup / star / to be ill / watery/thin (porridge)
35-5	c	5	n	n	-	-	n	-	n	-	n	-	775:3, 1401:2, 4293:3, 1980:3, 3075:3	change / egg / heat up (cold rice) / peppery / tendon; sinew
40-4	c	4	n	n	-	-	n	-	n	n	-	-	1473:3, 4154:3, 4940:3, 886:3	classifier [length unit] / far / straight / vertical, be standing
55-2	c	2	n	-	-	-	n	-	-	-	ŋ	-	896:2, 3689:2	classifier [room] / shadow
357-2	c	2	n	-	-	-	-	-	-	n	-	-	3172:3, 4176:3	pillow / stretch out (the arm)
661-2	c	2	n	n	-	-	n	-	-	n	n	-	5059:3, 359:3	bamboo food steamer / weigh (food)
362-1	c	1	n	n	-	-	-	-	-	n	n	-	3308:2	pull/lead (a cow) along
393-1	c	1	n	n	-	-	-	-	n	n	n	-	3835:3	smoke
452-1	c	1	n	-	-	-	-	-	-	-	n	-	4720:2	today
495-1	c	1	n	n	-	-	-	-	-	-	n	-	5214:3	yesterday
544-1	c	1	n	-	-	-	n	Ø	-	-	n	-	1462:3	eye
614-1	c	1	n	-	-	Ø	n	-	-	n	ŋ	-	3504:3	round
665-1	c	1	n	-	-	Ø	n	-	-	n	n	-	5152:3	wind
23-9	c	9	-	-	-	-	-	-	-	n	-	-	2540:3, 4034:3, 4336:3, 5048:3, 5225:2, 3106:3, 141:2, 2002:2, 2143:3	I / hedgehog / ice / maggot / pheasant / steam / thief / weave; knit / you
18-7	c	7	-	-	-	-	ŋ	-	-	-	-	-	632:2, 1263:2, 2644:3, 4185:2, 5071:2, 1433:2, 2664:2	brains / dream / escape; run away / moon / mosquito / stroke; touch / wheat
34-7	c	7	-	-	-	-	n	-	-	-	-	-	700:2, 1241:2, 2269:2, 1742:2, 2754:2, 831:3, 3194:2	cane, vine / classifier [back of firewood] / door / fully recover (from an illness) / late / musk / pine torches
252-7	c	7	-	-	-	-	-	-	n	-	-	-	2085:2, 2576:2, 4412:2, 4452:3, 2474:2, 1:2, 2805:3	(birds)cry/chirp / horse / loud / mare / name / thunder / tile / to thunder
79-4	c	4	-	-	-	-	-	-	-	ŋ	-	-	2074:2, 2674:2, 1598:2, 4069:2	five / horn / mother / stepmother
903-3	c	3	-	-	Ø	Ø	-	Ø	-	Ø	ŋ	-	1154:3, 5247:3, 3922:2	daughter / soil; earth / younger sister
256-2	c	2	-	n	-	-	-	-	-	-	n	-	2096:3, 4525:3	hot / to burn
678-2	c	2	-	-	-	-	-	-	n	-	ŋ	-	161:3, 4900:2	[castrate (chicken)] / used, old
784-2	c	2	-	-	-	-	ŋ	-	-	-	n	-	5082:2, 5181:3	wheat straw / woman
277-1	c	1	-	-	-	-	n	-	n	-	ŋ	-	2406:3	listen
296-1	c	1	-	ŋ	-	-	ŋ	ŋ	-	-	-	-	2632:3	month
304-1	c	1	-	-	-	-	-	-	-	n	n	-	2685:3	mountain
336-1	c	1	-	ŋ	-	-	ŋ	-	-	-	-	-	2952:3	outside
479-1	c	1	-	n	-	-	-	-	-	-	-	-	5037:3	wear (a hat)
512-1	c	1	-	Ø	-	-	n	-	n	-	-	-	412:2	be blind
749-1	c	1	-	ŋ	Ø	-	ŋ	Ø	-	ŋ	ŋ	-	3723:3	sheep (general)
